left_border_x,left_border_y,right_border_x,right_border_y,pos_x,pos_y
-100.49305289941138,-71.46114996497963,-106.03788706392511,-61.97519573402964,-102.87987518310547,-67.37783813476562
-101.69913834395798,-72.17136844314466,-107.24264943636754,-62.68456529718317,-104.08775329589844,-68.08364868164062
-102.90580216327315,-72.88213335194642,-108.45295862381815,-63.39693705142,-105.29810333251953,-68.79148864746094
-104.10879607253008,-73.58998117261999,-109.6651050417662,-64.11125490415515,-106.50641632080078,-69.49978637695312
-105.30926606409484,-74.29691286394463,-110.88051650698618,-64.82681654088582,-107.71360778808594,-70.20997619628906
-106.50726046408494,-75.0024142961765,-112.09910867606798,-65.54414397692479,-108.9192123413086,-70.92274475097656
-107.70321776019763,-75.70705147583391,-113.32000159016495,-66.26338474995025,-110.1229476928711,-71.63868713378906
-108.89815749275557,-76.41048600301444,-114.54280833417779,-66.98328102040759,-111.32453918457031,-72.358154296875
-110.09259973424997,-77.11368960319754,-115.76611125742716,-67.70420405082211,-112.52393341064453,-73.08133697509766
-111.2875784992677,-77.81694962176095,-116.98922641065685,-68.42465166982973,-113.72116088867188,-73.80812072753906
-112.48373386347328,-78.52078543433458,-118.21112059880932,-69.1442635375775,-114.91638946533203,-74.53819274902344
-113.6812821909796,-79.22564217170459,-119.43111050558086,-69.86304855829455,-116.10985565185547,-75.27113342285156
-114.88078486447829,-79.93162900610857,-120.64889474244093,-70.58019869749998,-117.30191802978516,-76.00641632080078
-116.08201746414109,-80.63879744096968,-121.86411191123506,-71.29628113990165,-118.49283599853516,-76.74347686767578
-117.28481704508445,-81.3468846236095,-123.077406898873,-72.01108702775092,-119.68292999267578,-77.48189544677734
-118.48894647098126,-82.05597352968948,-124.28890068887253,-72.72462356869697,-120.87244415283203,-78.22124481201172
-119.69415730736306,-82.76576666989412,-125.49887832466827,-73.43725093361029,-122.06157684326172,-78.96118927001953
-120.89998745603435,-83.47605118817171,-126.708109277163,-74.1490834392617,-123.2504653930664,-79.7015380859375
-122.10644877909853,-84.18656785375512,-127.91663472164774,-74.86034253099344,-124.43921661376953,-80.44212341308594
-123.31337094637355,-84.89683755347937,-129.1242730238266,-75.57231806286718,-125.62786102294922,-81.18286895751953
-124.52016100883158,-85.60768775261884,-130.33214644288992,-76.2834091417553,-126.81643676757812,-81.9237289428711
-125.72694004596504,-86.31859117965564,-131.54021531507425,-76.9940540714852,-128.0049285888672,-82.66468048095703
-126.93394942681155,-87.0293538590676,-132.7475617015371,-77.70573995522906,-129.1934051513672,-83.4057388305664
-128.14083508989214,-87.74004185679932,-133.9553985247702,-78.41689241119819,-130.38177490234375,-84.14688873291016
-129.3552654804456,-88.45540857277294,-135.17071327375808,-79.13253816080754,-131.5775604248047,-84.8927993774414
-130.5572841287301,-89.16328465468288,-136.37366066599088,-79.84054176722879,-132.76097106933594,-85.63111877441406
-131.74446387707258,-89.86229326305,-137.5617920677562,-80.54032909104598,-133.92974853515625,-86.36048889160156
-132.96224308778625,-90.57970883318275,-138.78054141465626,-81.25823603326667,-135.12869262695312,-87.10884857177734
-134.17424112637474,-91.29325336405604,-139.99298152164462,-81.97215600522104,-136.321533203125,-87.85348510742188
-135.38347437652538,-92.00521112013956,-141.20208766212386,-82.68431434866324,-137.51148986816406,-88.59632110595703
-136.60316062945464,-92.72357478376142,-142.42160325706874,-83.4027628809132,-138.71182250976562,-89.34561920166016
-137.7922892160509,-93.42356376470686,-143.61046789186733,-84.10268715256272,-139.8818817138672,-90.07598114013672
-139.00356977658814,-94.13715890715572,-144.82095080272822,-84.81529122104416,-141.07379150390625,-90.8198013305664
-140.2125608620611,-94.84878631736454,-146.02902513544873,-85.52663491348348,-142.26332092285156,-91.56199645996094
-141.4200295573361,-95.56048019404595,-147.23538225070243,-86.23702499689375,-143.45169067382812,-92.30322265625
-142.62784538813932,-96.27169254861545,-148.4414867703338,-86.94738369941274,-144.64015197753906,-93.04421997070312
-143.83590940203635,-96.98298679532586,-149.64735017322556,-87.65729107128627,-145.8288116455078,-93.78495025634766
-145.04374939083348,-97.69449005667772,-150.8533203684648,-88.3671395395941,-147.0176239013672,-94.52540588378906
-146.25187109576956,-98.40593906223565,-152.05879910305995,-89.0769271552972,-148.20664978027344,-95.2655258178711
-147.45996676567069,-99.11733612879584,-153.26416235336112,-89.78692636201752,-149.3958740234375,-96.00531005859375
-148.66781817008155,-99.82938690948102,-154.4693223493342,-90.49667290384146,-150.58534240722656,-96.74472045898438
-149.87612579915003,-100.54091390004719,-155.67437261419323,-91.20601189366855,-151.7750701904297,-97.48370361328125
-151.08493790920292,-101.25204069003497,-156.87902102303892,-91.91506386000901,-152.96511840820312,-98.2221908569336
-152.29331997854283,-101.9640561014112,-158.08308180826165,-92.62446387160334,-154.15550231933594,-98.96012878417969
-153.50191745799515,-102.67552906757757,-159.28748796269932,-93.33352131282174,-155.34620666503906,-99.69754028320312
-154.71021541974733,-103.38771063858859,-160.49162594328877,-94.04232015139532,-156.53726196289062,-100.43437194824219
-155.91886021233736,-104.0990820516969,-161.69577939095808,-94.75161858746095,-157.72866821289062,-101.17068481445312
-157.12677146328224,-104.81100384987067,-162.9006480672954,-95.46083293890013,-158.92031860351562,-101.90654754638672
-158.3351445708635,-105.52173176464889,-164.10571922274954,-96.17065336345658,-160.11219787597656,-102.64205932617188
-159.54295693119877,-106.2333426822793,-165.31078356266386,-96.88021384991993,-161.3042755126953,-103.37718200683594
-160.75109960699822,-106.94493581472378,-166.51543460484007,-97.58942196888539,-162.49667358398438,-104.11186981201172
-161.9599796717531,-107.65599321167103,-167.71914919809967,-98.29833783818283,-163.68942260742188,-104.845947265625
-163.1687658979981,-108.36797498352946,-168.92221504568553,-99.00654423200208,-164.88265991210938,-105.57929992675781
-164.37717065345666,-109.08038750052427,-170.12525861446198,-99.71488008029986,-166.07632446289062,-106.3119125366211
-165.58555789952237,-109.79166202068696,-171.32916693448982,-100.42415550897603,-167.27027893066406,-107.04397583007812
-166.79317365343832,-110.50315669310416,-172.5346316341166,-101.13320837663665,-168.4644317626953,-107.77569580078125
-168.0006201990001,-111.21444917163176,-173.7406915303062,-101.84286260212438,-169.65878295898438,-108.50723266601562
-169.20759450142577,-111.9258011994675,-174.94707933869836,-102.55346654201804,-170.85316467285156,-109.23865509033203
-170.41519449262393,-112.63617735146214,-176.15354834943315,-103.26374424366963,-172.047607421875,-109.96996307373047
-171.62190939036947,-113.34775732494997,-177.36003886225458,-103.97464702795351,-173.24209594726562,-110.70121765136719
-172.82911964785967,-114.05862326768539,-178.56675791800862,-104.68505406064274,-174.4366455078125,-111.43241119384766
-174.03661116049526,-114.76898507605405,-179.77363079738032,-105.3953827229341,-175.63124084472656,-112.1635513305664
-175.24444220397385,-115.47994725811807,-180.98111338551524,-106.10600586024992,-176.82640075683594,-112.89496612548828
-176.45004457988085,-116.18960909458156,-182.18637887778544,-106.81583916647185,-178.01943969726562,-113.62505340576172
-177.65761910209312,-116.90061396186229,-183.39375691799128,-107.52729457289247,-179.21456909179688,-114.35643005371094
-178.86570481926483,-117.61170883098966,-184.60175019853335,-108.23890505300096,-180.41012573242188,-115.08809661865234
-180.07259175167493,-118.3222408035214,-185.80872671516425,-108.94973811246012,-181.60455322265625,-115.81910705566406
-181.27912764983256,-119.03306664958295,-187.01575716780633,-109.66024664849144,-182.79884338378906,-116.5500717163086
-182.4855862905999,-119.7447086834774,-188.2229907199433,-110.37056530677857,-183.99337768554688,-117.28118133544922
-183.69183127130916,-120.45679694746836,-189.42968789226373,-111.08167524431958,-185.1879425048828,-118.01229095458984
-184.89770671711668,-121.16949966809617,-190.63661121683094,-111.79244820089735,-186.3825225830078,-118.74339294433594
-186.1027494666712,-121.88366700842691,-191.8433102645056,-112.50320209360333,-187.57711791992188,-119.47444915771484
-187.307656883982,-122.59803211554963,-193.05025865658192,-113.21352462138175,-188.771728515625,-120.20545959472656
-188.51298861292278,-123.31194342262084,-194.25693577926523,-113.92420206637243,-189.96644592285156,-120.93645477294922
-189.71814915489978,-124.02614247576192,-195.4633741244891,-114.63474442688911,-191.16116333007812,-121.66732788085938
-190.92363664531183,-124.74010942481657,-196.66935627059232,-115.3450254505365,-192.35597229003906,-122.39803314208984
-192.12957050820566,-125.45370760850125,-197.87481497362478,-116.05523508610172,-193.5509490966797,-123.1285171508789
-193.33568870279672,-126.16755197778264,-199.0796209223978,-116.76463601688747,-194.7461395263672,-123.8586196899414
-194.54197775073956,-126.88163235811925,-200.28383240059932,-117.47332693190363,-195.94163513183594,-124.58822631835938
-195.74887490109353,-127.59677350988825,-201.4883131240165,-118.18244059648451,-197.13827514648438,-125.31775665283203
-196.95308939070804,-128.3100904183087,-202.6913038902319,-118.8902656072267,-198.3326873779297,-126.04534912109375
-198.15899190145686,-129.02391672687136,-203.89631802728067,-119.59951165864422,-199.5289306640625,-126.77359008789062
-199.3658562360344,-129.73877046832683,-205.10301152435585,-120.31009773264779,-200.72665405273438,-127.50238037109375
-200.571972570071,-130.45201374934945,-206.3088293472696,-121.02015073294389,-201.92333984375,-128.23025512695312
-201.77731686970395,-131.1655947926256,-207.5135623032349,-121.72963293210526,-203.11964416503906,-128.95750427246094
-202.9830671342124,-131.87968895048834,-208.71821196176657,-122.43949326247777,-204.31658935546875,-129.68467712402344
-204.18964410660777,-132.59256387855677,-209.92303549449403,-123.14849548799646,-205.51376342773438,-130.41146850585938
-205.39569347214007,-133.3063062743524,-211.12714155399456,-123.85875325115313,-206.711181640625,-131.1378936767578
-206.60147347326222,-134.02035297344514,-212.33258533211776,-124.56702349724577,-207.90879821777344,-131.86395263671875
-207.8080373480387,-134.73345485515677,-213.53620323022096,-125.277331742477,-209.10670471191406,-132.589599609375
-209.0137006513723,-135.44772382041504,-214.74087839203548,-125.98641510696869,-210.30479431152344,-133.31483459472656
-210.21911015697393,-136.16234209938312,-215.94599215816788,-126.69548996686574,-211.50314331054688,-134.03976440429688
-211.42498669360876,-136.87610614440328,-217.15147804451595,-127.40470263194308,-212.70172119140625,-134.76443481445312
-212.63018307893492,-137.59004070364463,-218.35681779539334,-128.11433936590254,-213.90013122558594,-135.4886932373047
-213.83559521011722,-138.30433815365757,-219.56264897062678,-128.82456087062994,-215.0990447998047,-136.21299743652344
-215.041016321716,-139.01814420364283,-220.7686722924507,-129.53473531559246,-216.29791259765625,-136.93707275390625
-216.2463642152805,-139.73198058645542,-221.97505355449314,-130.24437846496323,-217.49684143066406,-137.66099548339844
-217.4514027310107,-140.44600047328348,-223.18134742613216,-130.95527755713496,-218.69580078125,-138.38485717773438
-218.65668980977955,-141.15972669328318,-224.38792143078598,-131.66538825361826,-219.8948211669922,-139.108642578125
-219.8623607064842,-141.87281515266235,-225.59419441926408,-132.37591549807715,-221.09388732910156,-139.83233642578125
-221.06787442141152,-142.586773594558,-226.80085919007095,-133.08734834771963,-222.2933349609375,-140.55621337890625
-222.27309205156706,-143.30017778468465,-228.00807677406382,-133.7972973365098,-223.49237060546875,-141.2798309326172
-223.47684965893023,-144.01340068089976,-229.21386773407556,-134.50728318143035,-224.69027709960938,-142.00277709960938
-224.68260015030896,-144.7271118007239,-230.42184546155468,-135.2188261126033,-225.8899383544922,-142.72689819335938
-225.88821057157702,-145.441049354131,-231.6295856613225,-135.92988169413206,-227.08949279785156,-143.4510040283203
-227.09284179407894,-146.15468634204728,-232.83652315973032,-136.64066195199032,-228.28819274902344,-144.17466735839844
-228.29725828163646,-146.86926573398148,-234.0438790962279,-137.351644556845,-229.4871368408203,-144.89857482910156
-229.50283604580122,-147.58206184945288,-235.25113660730494,-138.0618214789314,-230.68603515625,-145.62246704101562
-230.70786650655333,-148.29647027831035,-236.45795520723044,-138.77233292805718,-231.8851776123047,-146.346435546875
-231.91352731241767,-149.01053157035335,-237.66355337808827,-139.48115134178812,-233.08441162109375,-147.07005310058594
-233.11803407492204,-149.7243062455335,-238.8660998821835,-140.19028922278957,-234.28271484375,-147.79251098632812
-234.32559182942134,-150.43869154839095,-240.06921240013742,-140.89807876604644,-235.48345947265625,-148.515380859375
-235.5328374671077,-151.15350030497547,-241.2695061357219,-141.60585136136035,-236.68438720703125,-149.23695373535156
-236.73982404783467,-151.86811024575448,-242.4663874895256,-142.3119386164815,-237.8852996826172,-149.95660400390625
-237.94792889105412,-152.58389594242243,-243.65990763321574,-143.01581252132706,-239.0878143310547,-150.6744842529297
-239.1579165055384,-153.2997069506184,-244.84785464430178,-143.7171197279763,-240.2921142578125,-151.3895721435547
-240.36922248314983,-154.01736187127506,-246.02838857814922,-144.41364879686745,-241.49871826171875,-152.1005859375
-241.58188572339,-154.73584191681908,-247.202213769407,-145.10672155193805,-242.70803833007812,-152.8064422607422
-242.79557018082403,-155.45478069335235,-248.3747975942288,-145.79981305272977,-243.92092895507812,-153.50732421875
-244.00781221322848,-156.17275465071174,-249.55140077534458,-146.4970505533963,-245.1360626220703,-154.20352172851562
-245.22059056596683,-156.8899629215936,-250.72813324476505,-147.19527374751263,-246.353759765625,-154.89529418945312
-246.438139241148,-157.60649457764424,-251.89160189723745,-147.88944877330894,-247.57505798339844,-155.58071899414062
-247.65919634819585,-158.32811180513028,-253.03847616784074,-148.577992771503,-248.80162048339844,-156.25743103027344
-248.8826237676917,-159.05317621145352,-254.17006715199386,-149.25998748024938,-250.03309631347656,-156.9223175048828
-250.11194956228732,-159.7827301488365,-255.2900065173562,-149.93506721182118,-251.2731475830078,-157.57435607910156
-251.34337363603004,-160.51320187747822,-256.40998726254094,-150.6086338589639,-252.52035522460938,-158.2123565673828
-252.57577954343208,-161.24243396406257,-257.53511707280836,-151.28436445116108,-253.77391052246094,-158.83665466308594
-253.81263135022502,-161.97038855946215,-258.66281209202833,-151.95189694117803,-255.03433227539062,-159.4468536376953
-255.0549286702443,-162.69919569281447,-259.7883788609394,-152.61397047627702,-256.3021240234375,-160.04188537597656
-256.30639645875914,-163.42137020401088,-260.9100565792215,-153.28045923088396,-257.57769775390625,-160.62095642089844
-257.55933617285774,-164.14868989769474,-262.03385127258133,-153.94920802653934,-258.8601379394531,-161.18356323242188
-258.8137371284097,-164.88457144106434,-263.1595269551042,-154.6146277676959,-260.1490478515625,-161.72897338867188
-260.07554367156865,-165.6264497063876,-264.2878494577113,-155.27457098367574,-261.4466247558594,-162.25697326660156
-261.3455330101911,-166.3673384878485,-265.4230271742493,-155.92761578422952,-262.7518310546875,-162.76675415039062
-262.6292471032071,-167.1006595404026,-266.5596068650572,-156.5661091878825,-264.0635986328125,-163.25616455078125
-263.9309632381117,-167.8184598917604,-267.7043140834222,-157.18334227353193,-265.3835144042969,-163.72447204589844
-265.2533899496975,-168.51436828429965,-268.8502687155585,-157.7966450201842,-266.7113342285156,-164.1700897216797
-266.59861418614344,-169.1800267451502,-269.9940151038251,-158.42241335441105,-268.0468444824219,-164.59161376953125
-267.9649390925149,-169.82712283881065,-271.13809007722693,-159.0467640789516,-269.3896484375,-164.9868621826172
-269.352882213734,-170.46186858758526,-272.29038166289206,-159.6614640413613,-270.741943359375,-165.3546600341797
-270.76632261294753,-171.07960838703033,-273.4483873237729,-160.2548758923564,-272.1013488769531,-165.6914825439453
-272.20217514795945,-171.67353872377709,-274.6214138294331,-160.82318660836054,-273.468017578125,-165.99620056152344
-273.65118157064916,-172.24922020631124,-275.82058269548315,-161.35380665790086,-274.8417663574219,-166.2697296142578
-275.12390658569524,-172.77119392519145,-277.0489931441137,-161.78362226403067,-276.2206726074219,-166.51132202148438
-276.6275006156014,-173.24606479475014,-278.28368086049085,-162.19439179757072,-277.60565185546875,-166.7188720703125
-278.1620760166434,-173.6823177979506,-279.528619018874,-162.5553637965845,-278.9963073730469,-166.88966369628906
-279.72713358521094,-174.08270559080876,-280.7794814906507,-162.8754089536505,-280.3902587890625,-167.0205535888672
-281.319789541539,-174.45596582291714,-282.0397936888874,-163.1543068930731,-281.7878112792969,-167.10958862304688
-282.94301100887395,-174.76097820267495,-283.3084487741949,-163.39026065268834,-283.1874694824219,-167.15457153320312
-284.59551535604857,-175.01033374145038,-284.5845570961757,-163.58086869401535,-284.5879821777344,-167.15322875976562
-286.2737463724433,-175.19577954396718,-285.86795295149335,-163.72223325655267,-285.987548828125,-167.10372924804688
-287.95660351247824,-175.32864997218712,-287.1651628154387,-163.81282939930892,-287.3847351074219,-167.00770568847656
-289.6668616441657,-175.38248256772246,-288.462239584579,-163.84647864018316,-288.77716064453125,-166.8623046875
-291.4066400932396,-175.37445151863375,-289.758717244859,-163.82539338880915,-290.163818359375,-166.66444396972656
-293.1650317716882,-175.29866659569174,-291.0563256530621,-163.75440494826515,-291.5419006347656,-166.4127197265625
-294.9141208606647,-175.16169011124785,-292.3592849256234,-163.63293340634087,-292.908203125,-166.1099395751953
-296.66769510962325,-174.92666000382712,-293.661126464555,-163.45938658756566,-294.262939453125,-165.75474548339844
-298.4108167427963,-174.6177582394004,-294.96299151662856,-163.23166974733283,-295.6040344238281,-165.34864807128906
-300.1212374416343,-174.20716732134022,-296.26009763128224,-162.94635303811393,-296.9281311035156,-164.89463806152344
-301.828788867449,-173.7313485479565,-297.5460886463969,-162.60300892837483,-298.2345275878906,-164.39187622070312
-303.5160717221283,-173.15232103686373,-298.81702616316096,-162.1955854621773,-299.5221252441406,-163.83966064453125
-305.1776794146466,-172.50351367729846,-300.0671534716763,-161.71946529388774,-300.7876892089844,-163.2399139404297
-306.8107438238959,-171.788853437265,-301.29519576874145,-161.1809778160568,-302.0299072265625,-162.59402465820312
-308.3873120766615,-170.99907260803474,-302.5021997633957,-160.5832907090441,-303.24908447265625,-161.90516662597656
-309.9274954954762,-170.1518937387002,-303.6835306592218,-159.92996430630023,-304.44415283203125,-161.1751708984375
-311.42548765368014,-169.2243359057511,-304.83725054864135,-159.22671643143815,-305.61346435546875,-160.4046173095703
-312.8803365111405,-168.25425041245498,-305.96310557926057,-158.47382131306637,-306.75677490234375,-159.59600830078125
-314.27701035338987,-167.2098425454148,-307.0583450796597,-157.67426629192815,-307.873291015625,-158.7507781982422
-315.6561501321663,-166.10543065072497,-308.11752959367357,-156.83127598715527,-308.9598693847656,-157.86753845214844
-316.986783791369,-164.89963595129527,-309.13792185953037,-155.94641153658486,-310.0128479003906,-156.94444274902344
-318.27964207443404,-163.6277460782871,-310.118076127976,-155.02025648880235,-311.02899169921875,-155.98094177246094
-319.5319759839397,-162.31190746992257,-311.05812713089233,-154.0541532378196,-312.0062561035156,-154.9781036376953
-320.7214874651483,-160.94465622238508,-311.9578401403541,-153.04975172598333,-312.9435119628906,-153.93771362304688
-321.8664601765772,-159.53853977956834,-312.81448430222565,-152.00904081131253,-313.8389587402344,-152.8612060546875
-322.98279980297485,-158.092743868232,-313.62369454876006,-150.93361323665854,-314.689697265625,-151.74903869628906
-324.06658908514174,-156.56611410612626,-314.38001870966923,-149.828066466714,-315.4892272949219,-150.59963989257812
-325.1168459727028,-154.9671298037355,-315.08082635869806,-148.69306973196373,-316.2314453125,-149.41238403320312
-326.1075009879512,-153.3329372954545,-315.72952858241496,-147.52722360488707,-316.9150390625,-148.1904296875
-327.00201431852605,-151.6427424807777,-316.32777220975146,-146.3345915112218,-317.53851318359375,-146.93667602539062
-327.806211385246,-149.92901574266827,-316.87680642291036,-145.115230978062,-318.1029052734375,-145.65525817871094
-328.4925443715492,-148.17388703299292,-317.4018303519621,-143.88252997140987,-318.60821533203125,-144.3493194580078
-329.08761101684536,-146.42994951694257,-317.8488734122337,-142.6125658491422,-319.0585632324219,-143.02345275878906
-329.60328286480495,-144.6063220295531,-318.2399280914771,-141.33022809460857,-319.4464416503906,-141.67807006835938
-330.0594430342388,-142.75341824694758,-318.56888168119804,-140.03121093988509,-319.76922607421875,-140.31558227539062
-330.4115914316763,-140.8944610343067,-318.8361389757816,-138.71512647603103,-320.0282897949219,-138.9395751953125
-330.6821505716239,-139.05241455180297,-319.0466698069493,-137.38434719247064,-320.22698974609375,-137.55355834960938
-330.878147067981,-137.2594943075507,-319.20162711476814,-136.03846715199273,-320.37261962890625,-136.16091918945312
-330.9785980427559,-135.50056648355383,-319.29815876556637,-134.68191624921096,-320.47052001953125,-134.7640838623047
-331.0243881826082,-133.74365694533327,-319.33808729547235,-133.32210650277676,-320.52099609375,-133.36477661132812
-330.976801516926,-131.97822437105847,-319.3152979208176,-131.96297476138668,-320.5228271484375,-131.9645538330078
-330.8626930278542,-130.23846537047189,-319.22608735671383,-130.60434530108515,-320.47882080078125,-130.56495666503906
-330.69183432394976,-128.49773874493746,-319.06988029909854,-129.25341324820235,-320.3879699707031,-129.16770935058594
-330.43550039093026,-126.69087152619277,-318.8393106831827,-127.92435190169029,-320.2398681640625,-127.77537536621094
-330.1076542562757,-124.87982432321895,-318.5431906676347,-126.61393952574711,-320.0322265625,-126.39065551757812
-329.70931389611417,-123.08198149830694,-318.18679302087656,-125.32317701684063,-319.764892578125,-125.01622772216797
-329.21426736068565,-121.32613752366181,-317.77335780087645,-124.05122861776496,-319.4404602050781,-123.65414428710938
-328.633962899815,-119.58482007819708,-317.3058690323433,-122.80521168484405,-319.05755615234375,-122.30723571777344
-327.9374426012052,-117.86920997482434,-316.7862275124143,-121.58882238995076,-318.614501953125,-120.9789810180664
-327.1758547044635,-116.19764052018547,-316.21458013350525,-120.39964796096953,-318.1133728027344,-119.67174530029297
-326.32527580319436,-114.58642428087684,-315.58647433895266,-119.24001539950119,-317.5563659667969,-118.3863754272461
-325.409508849893,-113.02576223103148,-314.90145683583563,-118.11646563848697,-316.94580078125,-117.12606811523438
-324.4296161183087,-111.49864766531583,-314.16309902177784,-117.03696600785383,-316.28131103515625,-115.894287109375
-323.3775771802066,-110.05593882567928,-313.37269342073046,-115.99182039348665,-315.56683349609375,-114.6900405883789
-322.29705783625013,-108.6981187153093,-312.53008661844234,-114.9777580737853,-314.8095397949219,-113.51219177246094
-321.1544663186629,-107.4352850344264,-311.63971354416407,-113.997027171902,-314.01446533203125,-112.35930633544922
-319.97696954061854,-106.24184256653264,-310.70491725526597,-113.05167157325505,-313.18511962890625,-111.23009490966797
-318.7790931087496,-105.09876344272982,-309.72743473056136,-112.14806159282851,-312.3247375488281,-110.12532043457031
-317.5317540742106,-104.02659038543402,-308.6854483232394,-111.3081461206672,-311.4352722167969,-109.04471588134766
-316.2644615130738,-103.01788835996493,-307.6203421001698,-110.4913468516945,-310.5191650390625,-107.985107421875
-314.9587576172908,-102.0723099078426,-306.50867511610113,-109.72895101688724,-309.5787048339844,-106.94718933105469
-313.63218782554236,-101.17940440140487,-305.35283713587796,-109.02022752850712,-308.6156311035156,-105.93025207519531
-312.2582839381939,-100.34997315390062,-304.16861478048475,-108.3651837993894,-307.6300964355469,-104.93556213378906
-310.8600011804129,-99.55267634492317,-302.9701010395251,-107.7641776992908,-306.6202392578125,-103.96525573730469
-309.45575890418894,-98.79316381133314,-301.75915337037685,-107.20194879471401,-305.5871887207031,-103.01969909667969
-308.0534465346171,-98.06703059888939,-300.53983575283075,-106.66994475010644,-304.5324401855469,-102.09850311279297
-306.6558154553549,-97.36210214549914,-299.32272012881015,-106.16388872083246,-303.45654296875,-101.20213317871094
-305.25387045737557,-96.68669885594754,-298.11918669339997,-105.6694449424169,-302.3594970703125,-100.3307876586914
-303.8424209981743,-96.05266133993727,-296.9209368212235,-105.19441633328448,-301.24322509765625,-99.48562622070312
-302.42449564085365,-95.45373938906503,-295.71291027832706,-104.76065115777799,-300.1075439453125,-98.66664123535156
-301.0024047435888,-94.88244128037303,-294.50557021062184,-104.364642936811,-298.9520568847656,-97.87494659423828
-299.5808774309657,-94.33342067047609,-293.30648480886487,-104.00149808417655,-297.77728271484375,-97.11254119873047
-298.16704141902505,-93.8024220072575,-292.11057456064464,-103.66154625534254,-296.5839538574219,-96.37947845458984
-296.76497222255125,-93.28324312038833,-290.9228446260767,-103.32587944722515,-295.3734436035156,-95.67528533935547
-295.3732122261188,-92.77242308501926,-289.74571063145635,-102.99238701384584,-294.146728515625,-94.99980926513672
-293.9863703117353,-92.27452682028118,-288.5864280977007,-102.64461642074497,-292.9041748046875,-94.352783203125
-292.6080550471428,-91.79189450107951,-287.4249091475256,-102.27865490774245,-291.6489562988281,-93.73238372802734
-291.23442433507836,-91.3268040415612,-286.2488923043127,-101.90441027280582,-290.3820495605469,-93.13525390625
-289.86554031428153,-90.87131301633258,-285.06756662488783,-101.52668639438868,-289.10504150390625,-92.56023406982422
-288.50110393983266,-90.42146371186954,-283.88341224592574,-101.14618704487438,-287.8186950683594,-92.00637817382812
-287.14235445637814,-89.97534604765416,-282.6870776963563,-100.7601529033045,-286.52423095703125,-91.47162628173828
-285.78916968648224,-89.5285991222644,-281.48636866875324,-100.36934157146985,-285.22296142578125,-90.95513916015625
-284.43884703106403,-89.08068542379071,-280.2772529815917,-99.97302831839659,-283.9137878417969,-90.45494842529297
-283.0915826909916,-88.6345605724342,-279.06214270782954,-99.57299968153515,-282.599365234375,-89.97074890136719
-281.7457813143562,-88.18990931903457,-277.8513914595228,-99.17278614406635,-281.2801818847656,-89.50298309326172
-280.3998074750258,-87.74745120442212,-276.6354370420873,-98.76957148503274,-279.954833984375,-89.05033874511719
-279.05404039051695,-87.30832002733214,-275.4109362546234,-98.36212882495741,-278.6244201660156,-88.61186218261719
-277.7075253816198,-86.87262313956639,-274.18592556828423,-97.9540083363638,-277.28961181640625,-88.18766784667969
-276.36009294663955,-86.44128567938547,-272.95702280664267,-97.5432975409896,-275.9505920410156,-87.7772216796875
-275.011840444515,-86.01546286567948,-271.71929129723986,-97.12899226089672,-274.6077575683594,-87.37938690185547
-273.6620447364866,-85.59610522810968,-270.47658513474653,-96.71207658733431,-273.2615661621094,-86.99361419677734
-272.3095118483248,-85.18261005443362,-269.232902788359,-96.29371749060859,-271.91156005859375,-86.61980438232422
-270.9554333512806,-84.77228345714927,-267.9886109435646,-95.87419186896739,-270.558349609375,-86.2581787109375
-269.59966771126227,-84.36333447065421,-266.7496954846288,-95.45542862338894,-269.20233154296875,-85.9097671508789
-268.24457392648213,-83.9546904486018,-265.4935980804262,-95.03119895740333,-267.8428649902344,-85.57212829589844
-266.89065311691235,-83.54455928939903,-264.2262739714576,-94.60360095000003,-266.481201171875,-85.24407196044922
-265.5369933828918,-83.13082933164529,-262.9545028165964,-94.17448100669382,-265.1174011230469,-84.92515563964844
-264.18232951539625,-82.71109193017071,-261.68611342549923,-93.7456193463242,-263.7513732910156,-84.61613464355469
-262.8271781981856,-82.28683510561383,-260.4151797613687,-93.31592520907411,-262.3832092285156,-84.31692504882812
-261.4725505755052,-81.85985302120721,-259.1346102624532,-92.88405344602364,-261.0130920410156,-84.02635955810547
-260.1195772544307,-81.43086853645607,-257.8413351194873,-92.44895056279407,-259.64154052734375,-83.74275970458984
-258.7674335066116,-80.99991551963664,-256.5405293105622,-92.01178049700093,-258.2688903808594,-83.46517181396484
-257.41503661068464,-80.56627362415439,-255.23537605760987,-91.5741095278094,-256.8948974609375,-83.19310760498047
-256.06287538930076,-80.13009864901696,-253.9250851329828,-91.13514224366097,-255.51976013183594,-82.92597961425781
-254.71154294925316,-79.69146163206722,-252.6120061387148,-90.69512215292451,-254.1444549560547,-82.66356658935547
-253.3602933486831,-79.2499892575598,-251.29391095707246,-90.25435066517015,-252.76783752441406,-82.40506744384766
-252.01045365565767,-78.80474288861619,-249.97088830092991,-89.81293159365133,-251.3906707763672,-82.14990997314453
-250.66179288792355,-78.3552432828473,-248.6442097982217,-89.37075649582427,-250.0129852294922,-81.89757537841797
-249.3152196325918,-77.90301729957942,-247.3123655120769,-88.92774892589537,-248.635009765625,-81.6472396850586
-247.97059516643594,-77.44903934178986,-245.9761037683317,-88.48370609377722,-247.25680541992188,-81.39813232421875
-246.62748429553412,-76.99480386802638,-244.63644075972567,-88.03944662100956,-245.87847900390625,-81.149658203125
-245.28636205499245,-76.54148032252196,-243.29469588477886,-87.59486642545293,-244.50076293945312,-80.90141296386719
-243.94471148345352,-76.0894593518805,-241.94908561292436,-87.14877189852704,-243.12132263183594,-80.65249633789062
-242.60477145082567,-75.64040133048927,-240.60260775210855,-86.70238025420494,-241.74276733398438,-80.40298461914062
-241.26805984760193,-75.19405578643926,-239.25539111898527,-86.25567380242447,-240.36587524414062,-80.15245819091797
-239.9328333458597,-74.7489618657985,-237.90535249145776,-85.80803744529912,-238.98849487304688,-79.89994049072266
-238.59930349327408,-74.3046006240077,-236.55323090366045,-85.35960080567078,-237.61090087890625,-79.64497375488281
-237.26835133067192,-73.8608646991171,-235.20057762159945,-84.91128256258145,-236.23422241210938,-79.38736724853516
-235.9392138747232,-73.41735794441097,-233.84789650278995,-84.46217374161508,-234.85813903808594,-79.1268081665039
-234.61116400313853,-72.97370645150947,-232.49565550118305,-84.01341562330597,-233.48257446289062,-78.86321258544922
-233.2846428666312,-72.52956812643637,-231.1439486608415,-83.56411474162974,-232.107666015625,-78.59648132324219
-231.95923896916634,-72.08523528851227,-229.7928901297029,-83.11468843703571,-230.7333526611328,-78.32654571533203
-230.635107828385,-71.64016886164835,-228.44269291171958,-82.66463894281327,-229.35972595214844,-78.05337524414062
-229.3145676640398,-71.19570607549278,-227.09150468801118,-82.21403060269067,-227.98684692382812,-77.77638244628906
-227.99915573091823,-70.75135619238753,-225.73905969394767,-81.76271800871204,-226.61505126953125,-77.49481964111328
-226.68699834441264,-70.30793193821982,-224.3850312348582,-81.31049630770961,-225.24339294433594,-77.20783996582031
-225.3809309029126,-69.86600114282966,-223.03195088488135,-80.85809056944291,-223.87451171875,-76.91531372070312
-224.07719726458322,-69.42380630462925,-221.67876596194824,-80.4056651200338,-222.50631713867188,-76.61650085449219
-222.7733671350938,-68.98223996206077,-220.32721063481296,-79.95293689034185,-221.1391143798828,-76.31165313720703
-221.47427093988586,-68.54153069289654,-218.97551726558305,-79.50055768759668,-219.7736053466797,-76.00030517578125
-220.1798127077965,-68.10194940308183,-217.6235985653152,-79.04796842797832,-218.40969848632812,-75.68179321289062
-218.8852631988565,-67.66266075322228,-216.27367242520623,-78.59582681735499,-217.04747009277344,-75.35639953613281
-217.58669888416983,-67.22209601492219,-214.92709737391118,-78.14426309936947,-215.6866455078125,-75.02503204345703
-216.28399107674593,-66.78048718743703,-213.58371904859476,-77.69303278969396,-214.3271484375,-74.68862915039062
-214.9782262080897,-66.33828246732855,-212.2425413037589,-77.2419531190573,-212.9686737060547,-74.34779357910156
-213.6729709795787,-65.89536292642238,-210.90224467456437,-76.7912257473746,-211.61135864257812,-74.00263977050781
-212.37288648444692,-65.45376884202356,-209.56100116387807,-76.34020111229587,-210.2552490234375,-73.6523666381836
-211.0760773486062,-65.01207127971023,-208.21977056316345,-75.88937760884848,-208.90060424804688,-73.29664611816406
-209.78035589750377,-64.56994450927962,-206.87901535573067,-75.43943101682459,-207.54739379882812,-72.93544006347656
-208.48089503369,-64.12641230554584,-205.5404396280275,-74.98959966144429,-206.1955108642578,-72.56951141357422
-207.178641491929,-63.68215495184283,-204.20386482728014,-74.540709446258,-204.84523010253906,-72.19959259033203
-205.87431081681774,-63.23739575073484,-202.866619128539,-74.09167153237556,-203.49461364746094,-71.8253402709961
-204.56848154535885,-62.79185948146342,-201.53032934164804,-73.64281492630637,-202.14500427246094,-71.44746398925781
-203.26543050310838,-62.348299123543995,-200.19786354215665,-73.1955830556183,-200.7998046875,-71.06704711914062
-201.95647866087572,-61.903519912549896,-198.8636719575796,-72.747873011331,-199.45262145996094,-70.68283081054688
-200.64080678286297,-61.456429226016255,-197.52977466819664,-72.30035629510398,-198.10476684570312,-70.296142578125
-199.32335152969443,-61.008989861414356,-196.1994544758621,-71.8535906409879,-196.75970458984375,-69.90868377685547
-198.0036018857538,-60.561036048527754,-194.86853315441542,-71.40781292694034,-195.4142303466797,-69.5197982788086
-196.68271839747166,-60.113015250879435,-193.53799754485595,-70.96207451919199,-194.06907653808594,-69.12989044189453
-195.35902288911598,-59.664923814712715,-192.2079010724081,-70.51690696711638,-192.72406005859375,-68.73933410644531
-194.03105825559416,-59.2160581194419,-190.8785493946631,-70.0719494085076,-191.37896728515625,-68.34872436523438
-192.70009895761328,-58.767557528507524,-189.5497082301657,-69.6272527255384,-190.0338134765625,-67.95849609375
-191.367694447524,-58.31935126912144,-188.22117300438933,-69.18291264304122,-188.68865966796875,-67.56888580322266
-190.03514454908853,-57.872377624075376,-186.89241620725588,-68.73846376683883,-187.34323120117188,-67.17975616455078
-188.70325623827063,-57.42622094915358,-185.5633878824574,-68.2940906808397,-185.99765014648438,-66.79100036621094
-187.3731733436058,-56.98125224442693,-184.23403640939136,-67.85002700970466,-184.6521453857422,-66.40238952636719
-186.04712227723607,-56.53734578131218,-182.9040718907358,-67.40552099031851,-183.30670166015625,-66.01329040527344
-184.72688959736684,-56.09517003141596,-181.57272799315948,-66.96033949947726,-181.9610595703125,-65.62265014648438
-183.4159806777295,-55.65546185038852,-180.24218195285846,-66.51553834699396,-180.6178436279297,-65.2301025390625
-182.11344350835995,-55.217967238811276,-178.91011210364624,-66.06981034728113,-179.27499389648438,-64.83370971679688
-180.81647749559778,-54.781135648786915,-177.5759599464416,-65.62376150555141,-177.93203735351562,-64.43234252929688
-179.52530912798332,-54.345952458978985,-176.2424761551504,-65.17756288554739,-176.5914764404297,-64.02604675292969
-178.23895306267596,-53.91232415217694,-174.90921450966832,-64.73113000805948,-175.2530059814453,-63.61410140991211
-176.95711510895507,-53.47991989713539,-173.57555931995648,-64.28454366443331,-173.91632080078125,-63.19575500488281
-175.6813461852045,-53.049770968073126,-172.2425085479246,-63.83782377936887,-172.5826873779297,-62.7706413269043
-174.4053401793019,-52.62012409508761,-170.90879016377963,-63.39070588105794,-171.25048828125,-62.338157653808594
-173.12125354322265,-52.188439095350475,-169.57572401812251,-62.94297974239523,-169.9197540283203,-61.899444580078125
-171.83397310165577,-51.756313420160964,-168.24409072055164,-62.495207680887745,-168.59165954589844,-61.45547866821289
-170.5396552670601,-51.32233388437196,-166.91312720091284,-62.04694563004063,-167.2648468017578,-61.00681686401367
-169.24918482414228,-50.88966848324202,-165.582399769423,-61.59890908165646,-165.94039916992188,-60.5533332824707
-167.9543525683001,-50.45595692256495,-164.25024281731305,-61.15111131930669,-164.61611938476562,-60.094688415527344
-166.65446893445682,-50.02050443770589,-162.91922569276016,-60.704677526531796,-163.2940673828125,-59.63249206542969
-165.349964512657,-49.58419123144481,-161.58832170501242,-60.259196846661254,-161.97317504882812,-59.16703796386719
-164.0417092474008,-49.1465441720056,-160.2582344668912,-59.81419494545216,-160.6537322998047,-58.699073791503906
-162.7289610252269,-48.70819250309575,-158.92790765855347,-59.36836438858099,-159.3343048095703,-58.22861099243164
-161.4174808620615,-48.270712424860136,-157.59744037822617,-58.92134008467812,-158.0155487060547,-57.755615234375
-160.11316191811076,-47.83845404209598,-156.2672268852728,-58.47281932627587,-156.69882202148438,-57.2794189453125
-158.81914957312563,-47.410400006963854,-154.9353505682931,-58.02296735937239,-155.38360595703125,-56.798099517822266
-157.53665295781687,-46.98703790978305,-153.6011076286722,-57.57290439733889,-154.0706329345703,-56.30997085571289
-156.26444671924241,-46.567452599501166,-152.26489374237087,-57.12274312463412,-152.7609100341797,-55.813697814941406
-155.00115371579798,-46.15047405774698,-150.9272247390027,-56.67180370949132,-151.4552459716797,-55.308135986328125
-153.75168037649263,-45.73763350858904,-149.5865672808237,-56.21680307292754,-150.1533966064453,-54.79069519042969
-152.52329299674363,-45.334962949240015,-148.2425294723514,-55.7568642585247,-148.85794067382812,-54.25859069824219
-151.31727512873027,-44.96044325277018,-146.8928192230998,-55.289938974499535,-147.57073974609375,-53.70724105834961
-150.13159301982324,-44.616598193122854,-145.535497668677,-54.81287441639251,-146.2934112548828,-53.1314697265625
-148.95317238950244,-44.28435512400961,-144.16858283343743,-54.338695640414294,-145.02932739257812,-52.52992630004883
-147.79336228216894,-43.95528620726515,-142.78258986383,-53.86886828474995,-143.77882385253906,-51.897865295410156
-146.6586865472513,-43.594789774941546,-141.38347525496198,-53.39405841907579,-142.546142578125,-51.23427963256836
-145.55412606556715,-43.24162511334396,-139.96432211092335,-52.89817733798579,-141.333740234375,-50.532466888427734
-144.47533580258272,-42.870140128740275,-138.53176761254514,-52.370351097259956,-140.14634704589844,-49.78960418701172
-143.42467252589014,-42.475591697752634,-137.08950115206386,-51.79739388720878,-138.9886932373047,-49.00285339355469
-142.38372045636314,-42.08139940703345,-135.63949392540275,-51.16353574349696,-137.86410522460938,-48.167755126953125
-141.32494068860547,-41.69351425623691,-134.18843309647917,-50.465701137112916,-136.77723693847656,-47.283546447753906
-140.2488247767644,-41.28714506130662,-132.72943889131727,-49.71988823933655,-135.7325439453125,-46.35200500488281
-139.15960232332668,-40.84620587767536,-131.25593553898938,-48.9258449847915,-134.7315673828125,-45.37282943725586
-138.06253577480155,-40.36251777973662,-129.77524432982858,-48.068782320956316,-133.77764892578125,-44.346988677978516
-137.02632613480304,-39.776753935562525,-128.28487210299153,-47.145899036780534,-132.87506103515625,-43.27631759643555
-135.980341051179,-39.14153073628723,-126.84001361931432,-46.12472359855335,-132.02487182617188,-42.16350173950195
-134.9591250908879,-38.42316798983076,-125.45580593797668,-45.01664425260171,-131.22654724121094,-41.01285934448242
-133.992972692395,-37.61577083442345,-124.13720982023429,-43.82240862331528,-130.4803009033203,-39.82786560058594
-133.1123293540762,-36.724387519335615,-122.90330951768593,-42.51660405454072,-129.78921508789062,-38.609798431396484
-132.34961277966235,-35.75069182969741,-121.72193505822409,-41.10867259292858,-129.15879821777344,-37.359352111816406
-131.59372669858672,-34.74703726073811,-120.60659513259453,-39.621606487940994,-128.59088134765625,-36.07928466796875
-130.88503504446297,-33.690200292093664,-119.60476163783599,-38.05425800193198,-128.08560180664062,-34.773231506347656
-130.22649434558838,-32.58828030605485,-118.70241105302846,-36.40824373476357,-127.64498901367188,-33.44398880004883
-129.6214336748519,-31.446630152084136,-117.92453641364088,-34.67065478112471,-127.27288055419922,-32.093963623046875
-129.07472752809787,-30.26586948881317,-117.28608420930047,-32.84749844507349,-126.97332000732422,-30.726062774658203
-128.59468860131523,-29.04474281923107,-116.73898647997348,-30.965711600473455,-126.74934387207031,-29.34374237060547
-128.27978794277465,-27.774867447691108,-116.32496510015528,-29.031427414154912,-126.60296630859375,-27.95111656188965
-128.01283473411675,-26.482397299339436,-116.01478938025242,-27.051093275193086,-126.53666687011719,-26.552366256713867
-127.8642108235278,-25.166848593501065,-115.83840141812254,-25.032063415910407,-126.55236053466797,-25.152145385742188
-127.82503887121172,-23.837806235328916,-115.82826919947861,-22.993288580120996,-126.65070343017578,-23.755138397216797
-127.88698939331847,-22.500032890782897,-115.93840206479464,-20.98870969508753,-126.82642364501953,-22.365886688232422
-128.04484142280245,-21.16213601749121,-116.18929473619593,-19.031545089289917,-127.07410430908203,-20.987682342529297
-128.29920198910028,-19.835970805907316,-116.59752309782543,-17.09522218695186,-127.39353942871094,-19.62384796142578
-128.65264794519692,-18.534278169331454,-117.1858020681107,-15.166076658540899,-127.78816986083984,-18.280351638793945
-129.11693905996054,-17.26690483412812,-117.89253573419968,-13.274763813840758,-128.25735473632812,-16.961179733276367
-129.71106766853265,-16.053923559932766,-118.7231635978101,-11.42679832478502,-128.8008270263672,-15.670611381530762
-130.40476211233178,-14.894356771153701,-119.69153156918276,-9.668241817399235,-129.41502380371094,-14.411543846130371
-131.27846556866382,-13.849982175762669,-120.78293136530056,-7.977283976579912,-130.0986328125,-13.189815521240234
-132.24697059211144,-12.897158513038152,-122.00209013439404,-6.380432890903669,-130.8500213623047,-12.008564949035645
-133.28476619922844,-12.033338591854719,-123.32820465079398,-4.880247263175476,-131.66714477539062,-10.871191024780273
-134.36988715670486,-11.261721350640089,-124.72574823730183,-3.432817675671827,-132.5496368408203,-9.78408145904541
-135.4901887731102,-10.570261106493938,-126.1849744008428,-2.0847744135930464,-133.4932861328125,-8.749272346496582
-136.63690139492212,-9.938482689023132,-127.65206329355397,-0.8433142063751911,-134.48971557617188,-7.764930248260498
-137.80689966223073,-9.389550038898168,-129.15412333655146,0.3442283063523739,-135.53594970703125,-6.834887504577637
-139.00669544916073,-8.936237499712874,-130.71574788379482,1.4444135056298935,-136.63027954101562,-5.960854530334473
-140.24099383763908,-8.601597821173492,-132.32452452045862,2.4655577112927096,-137.76925659179688,-5.146130561828613
-141.45890506156246,-8.303348429509562,-133.95851308023168,3.3870156634600095,-138.9480438232422,-4.389835357666016
-142.67276703343458,-8.064274878247003,-135.63093131782827,4.198505630387499,-140.16232299804688,-3.69254207611084
-143.8759645374071,-7.876331137278811,-137.36180080624482,4.85600720769248,-141.40908813476562,-3.0546677112579346
-145.07586293868712,-7.726231677917359,-139.09021740922785,5.414812949447281,-142.68357849121094,-2.474147081375122
-146.26135901035687,-7.611204353330417,-140.8427650317592,5.84778602505095,-143.9826202392578,-1.9511524438858032
-147.43060921694843,-7.519188310593571,-142.59673616986703,6.191083851845912,-145.3032989501953,-1.4855166673660278
-148.59063595082398,-7.4580328612417945,-144.34087128978098,6.462822970192852,-146.6425323486328,-1.0766749382019043
-149.75262435083886,-7.443944250222288,-146.07959978408127,6.6239319068018405,-147.99778747558594,-0.7228272557258606
-150.92229632172322,-7.49407871482509,-147.80294333923976,6.678068775028949,-149.3656463623047,-0.4217554032802582
-152.08684463523173,-7.553230354188167,-149.5035829895417,6.639094895767846,-150.74314880371094,-0.1710248738527298
-153.26311174240482,-7.636414949302145,-151.17187657136685,6.501645877730699,-152.12855529785156,0.03389791026711464
-154.4549099140244,-7.737994945252239,-152.7988734990775,6.310841226491897,-153.5194549560547,0.19785316288471222
-155.6549122076921,-7.8532511295709995,-154.39328419771795,6.0853437180289145,-154.9147491455078,0.3241458237171173
-156.85821507994896,-7.975337799218556,-155.95862246004972,5.840971364898158,-156.31190490722656,0.41511592268943787
-158.0611920280864,-8.099285484481312,-157.50257458511638,5.585661820710305,-157.7113037109375,0.4722391664981842
-159.25951945967407,-8.231580697026558,-159.03005924673872,5.303120258018626,-159.11155700683594,0.49597832560539246
-160.45833831999553,-8.38039145544859,-160.54004975692445,4.9837820212118205,-160.51255798339844,0.48741230368614197
-161.65112775409617,-8.544151005976321,-162.03400634492507,4.638445607063488,-161.91226196289062,0.4467589557170868
-162.8340932688886,-8.721482701970858,-163.51508528459982,4.276244528267758,-163.31060791015625,0.3734951913356781
-164.0198508137091,-8.911395104813957,-164.97897389669652,3.904292426541028,-164.7069091796875,0.26899632811546326
-165.2020280384611,-9.112627871716874,-166.43220650987573,3.53054422453758,-166.10165405273438,0.13328789174556732
-166.39811699875946,-9.326100854058446,-167.86986033165172,3.1705959568979014,-167.49285888671875,-0.03055511973798275
-167.61845285104144,-9.55164253142607,-169.291662850938,2.8268298863935875,-168.8800811767578,-0.21806728839874268
-168.86070590926238,-9.796245143912579,-170.70158670290576,2.487806268063183,-170.26498413085938,-0.4256080389022827
-170.1165536592248,-10.065135734928573,-172.10309709674542,2.1524160249896367,-171.64736938476562,-0.6503804326057434
-171.3854161398661,-10.355735314183315,-173.49674710100805,1.8175213345014782,-173.02720642089844,-0.8896995186805725
-172.67186828694747,-10.665005490224925,-174.8830994434586,1.4812570320104474,-174.40577697753906,-1.1406687498092651
-173.96555660712337,-10.986895965893073,-176.26326184748152,1.1412254083258895,-175.7815704345703,-1.401316523551941
-175.26151952029628,-11.316077468913855,-177.63966937575663,0.7949889758449475,-177.15542602539062,-1.6710891723632812
-176.5694575857214,-11.64836779298833,-179.01080657315995,0.440266348752441,-178.52841186523438,-1.9483692646026611
-177.88565560165253,-11.97739109982903,-180.37718278319352,0.0768101515975741,-179.89999389648438,-2.2318665981292725
-179.20177051413296,-12.305204016890473,-181.74095403880932,-0.29395156168969727,-181.27005004882812,-2.5214970111846924
-180.5132619501109,-12.63835034265335,-183.10397481339373,-0.6702264705817007,-182.6390838623047,-2.8178486824035645
-181.82724358240648,-12.977016098708399,-184.46515989653975,-1.0505198619821572,-184.00732421875,-3.1204776763916016
-183.14511838639893,-13.319769341709305,-185.82235314389848,-1.4319904547255724,-185.37283325195312,-3.4280025959014893
-184.47231135797784,-13.666426997221365,-187.17754238800146,-1.8145156733530896,-186.73812866210938,-3.7396349906921387
-185.8061093622157,-14.015114312742098,-188.5316191182017,-2.196699291470564,-188.1031951904297,-4.054440498352051
-187.14257606170054,-14.36299038399688,-189.88459449132813,-2.5783161338487295,-189.46728515625,-4.371832370758057
-188.47983257230055,-14.708729969058224,-191.2368122644133,-2.9619084584534776,-190.83079528808594,-4.691848278045654
-189.81658946647963,-15.05302747064846,-192.58798266065506,-3.348944935513206,-192.19358825683594,-5.014542102813721
-191.1531934005219,-15.397111184941457,-193.93881834832305,-3.7374158947635396,-193.55593872070312,-5.340022087097168
-192.4883911418122,-15.740966156048136,-195.28986001613785,-4.125755642467055,-194.9177703857422,-5.668481826782227
-193.81986917041695,-16.08390054528516,-196.64066827973684,-4.512233480649652,-196.27798461914062,-6.000058174133301
-195.14917092117346,-16.426110472656536,-197.99306500690753,-4.895944788390833,-197.63800048828125,-6.335503578186035
-196.47512130034912,-16.76743052620374,-199.34669943189192,-5.274600449006169,-198.99679565429688,-6.675009727478027
-197.79608900745785,-17.107407161190014,-200.70246897430482,-5.646766359421207,-200.35440063476562,-7.019293785095215
-199.1179330178921,-17.44753548346124,-202.05966729041313,-6.012063448358402,-201.71080017089844,-7.368222713470459
-200.43898745552661,-17.787337396315007,-203.41804160726844,-6.371502890381517,-203.065673828125,-7.721787929534912
-201.76511299346063,-18.128591146147272,-204.77812457896084,-6.727029462415722,-204.42062377929688,-8.079851150512695
-203.09367412698964,-18.470257408873717,-206.13713238330627,-7.079634131885577,-205.7733154296875,-8.441276550292969
-204.42440341144737,-18.81263346475064,-207.49622316185594,-7.431218391792364,-207.12513732910156,-8.806130409240723
-205.75977241072505,-19.15612563200774,-208.8552718324365,-7.783318677338255,-208.47674560546875,-9.174016952514648
-207.09912053327778,-19.50061479787624,-210.2132342724453,-8.136606114484213,-209.8275146484375,-9.544172286987305
-208.4427350048969,-19.846206130775194,-211.56948853800284,-8.494181457137344,-211.17784118652344,-9.91610050201416
-209.78926693661114,-20.192495944038193,-212.92503766743602,-8.852429895910186,-212.52769470214844,-10.289363861083984
-211.13801282298073,-20.539372848858953,-214.28037468422613,-9.210359210980325,-213.87725830078125,-10.6636962890625
-212.4882479426262,-20.886906209143174,-215.63545711563938,-9.568833099637681,-215.22666931152344,-11.038926124572754
-213.84029448921413,-21.23484072303402,-216.99019954284034,-9.926847290524597,-216.57574462890625,-11.414718627929688
-215.19534806863686,-21.583705525703724,-218.3444386624545,-10.284910845854562,-217.9247589111328,-11.790702819824219
-216.55356302581177,-21.933330389135875,-219.6985092127373,-10.643252127736964,-219.274169921875,-12.166592597961426
-217.91383519668236,-22.28362042245493,-221.05206720626342,-11.00201302507083,-220.62368774414062,-12.541991233825684
-219.27541938765717,-22.634325641941885,-222.40447852715107,-11.360866498070559,-221.97271728515625,-12.916427612304688
-220.63921696742364,-22.98522662288782,-223.757413105454,-11.719765036968363,-223.32275390625,-13.290107727050781
-222.003555244182,-23.336817958925675,-225.1098845262936,-12.0790699493561,-224.6729278564453,-13.66265869140625
-223.3680652358698,-23.687870674918507,-226.46219904379672,-12.438196917437738,-226.0232696533203,-14.034059524536133
-224.73330850354492,-24.03956963358202,-227.81444713230331,-12.797767170425868,-227.37413024902344,-14.404301643371582
-226.09953956426705,-24.39141537634655,-229.1663856040327,-13.157218995807407,-228.72525024414062,-14.773146629333496
-227.46707380070154,-24.743460514224772,-230.51803251589587,-13.51653580189278,-230.0767364501953,-15.14041805267334
-228.83577715841716,-25.09596137400601,-231.86936463079337,-13.875832049247848,-231.4286346435547,-15.50593090057373
-230.2063721683237,-25.44895062458003,-233.2205370818163,-14.234756674357817,-232.78115844726562,-15.869463920593262
-231.57861821833825,-25.802222746961363,-234.5718542310965,-14.593358595747702,-234.1345672607422,-16.230880737304688
-232.95026946980468,-26.15551755642922,-235.9233674612278,-14.9518497865141,-235.4886016845703,-16.590198516845703
-234.31968119301564,-26.508039852170473,-237.27416968285416,-15.310077036544149,-236.84219360351562,-16.94733238220215
-235.68829995528026,-26.860541834155477,-238.62620799439713,-15.668241109263036,-238.1970977783203,-17.30298614501953
-237.05413429843694,-27.21232279987224,-239.97841082922923,-16.02678755015312,-239.55215454101562,-17.657243728637695
-238.41977716535365,-27.563802343399807,-241.3304758234272,-16.38536023166717,-240.90740966796875,-18.0101318359375
-239.784467998457,-27.91509695343627,-242.68287002718222,-16.744017592379972,-242.2631072998047,-18.361875534057617
-241.14905970868745,-28.266352298936006,-244.03536455798945,-17.102349198275146,-243.6190948486328,-18.712448120117188
-242.5132017986865,-28.61747231660985,-245.3879955784937,-17.46047328487176,-244.97535705566406,-19.061912536621094
-243.8761690001318,-28.968506801614396,-246.74093548432077,-17.818236866875612,-246.3318634033203,-19.410430908203125
-245.23776573317866,-29.319158305588942,-248.09410163102953,-18.1762290809634,-247.68858337402344,-19.758207321166992
-246.59796896621657,-29.669326121022884,-249.44660863409825,-18.534355416152604,-249.0447540283203,-20.105154037475586
-247.95933615224732,-30.01963910601873,-250.80054924912488,-18.893176093263413,-250.40252685546875,-20.45186996459961
-249.32061272619296,-30.370058257396188,-252.1547761663366,-19.252120885662073,-251.76068115234375,-20.79808807373047
-250.68059551975455,-30.719938942666452,-253.5070948006564,-19.610279866714844,-253.11709594726562,-21.143184661865234
-252.04065343060688,-31.070352914988963,-254.8598204806794,-19.967984445730732,-254.4739227294922,-21.487716674804688
-253.40087502571586,-31.420452753281804,-256.21403760501744,-20.32591127504098,-255.83212280273438,-21.83210563659668
-254.75912765773467,-31.77013150636762,-257.56792503328097,-20.68353007519789,-257.1897888183594,-22.176071166992188
-256.1167429473773,-32.11971460783455,-258.92176921585803,-21.041667700217854,-258.5474853515625,-22.519847869873047
-257.47449910957005,-32.4688894545091,-260.27566346052043,-21.399821416896955,-259.9052734375,-22.863452911376953
-258.8314100466804,-32.81791111008539,-261.6296037666332,-21.75794777026728,-261.26300048828125,-23.206960678100586
-260.18766515835983,-33.16726881071485,-262.98367531354864,-22.11635674650585,-262.6208190917969,-23.550504684448242
-261.5432199116088,-33.5157855326943,-264.3378437623505,-22.474472040599,-263.978515625,-23.894145965576172
-262.8984889836277,-33.864277420069286,-265.6921068148505,-22.832571823719977,-265.3362121582031,-24.23796272277832
-264.25312212009214,-34.21318420126647,-267.04647155770135,-23.190854479950943,-266.69390869140625,-24.58203887939453
-265.6075940247559,-34.561401956277315,-268.40093299278,-23.54883071355093,-268.051513671875,-24.926395416259766
-266.96225446554797,-34.91005165309884,-269.7553690137304,-23.90672228102716,-269.4090576171875,-25.270998001098633
-268.3158620054099,-35.25834039673363,-271.10930205141864,-24.264225839779154,-270.7658996582031,-25.615751266479492
-269.66986495063014,-35.60680642720699,-272.4647403336072,-24.62129252477574,-272.12384033203125,-25.961231231689453
-271.02444245161996,-35.9553557683647,-273.8205623149295,-24.97783185880053,-273.4819641113281,-26.30716323852539
-272.3772478465236,-36.30349108919812,-275.1741668983632,-25.333416304488622,-274.8377685546875,-26.6528377532959
-273.7316735454009,-36.65203529286408,-276.5293359908359,-25.689092010584655,-276.19500732421875,-26.999195098876953
-275.08592895642806,-37.00038051427892,-277.884438997501,-26.0449359880281,-277.5521240234375,-27.345863342285156
-276.4400421423159,-37.3485909375965,-279.23943746248733,-26.400796835671322,-278.9090576171875,-27.69283676147461
-277.7931330766699,-37.696400288248924,-280.59461718761617,-26.75651756015774,-280.265869140625,-28.0402889251709
-279.1456054870707,-38.04426424116377,-281.9499138040215,-27.111874637780495,-281.62249755859375,-28.388282775878906
-280.4970763969755,-38.39173614383138,-283.3051823353245,-27.467415351689663,-282.9788513183594,-28.736934661865234
-281.8476287913327,-38.73907428112224,-284.6608226049635,-27.822684853852657,-284.33514404296875,-29.086456298828125
-283.1980863033504,-39.0861631205919,-286.0165846817124,-28.17786206620537,-285.6912841796875,-29.436857223510742
-284.5495868419719,-39.43393980613956,-287.37300805567844,-28.532643732614968,-287.0478210449219,-29.788198471069336
-285.900165671969,-39.7815419811444,-288.72742988851377,-28.88688891018539,-288.4023132324219,-30.13970184326172
-287.2501574897501,-40.129657812499055,-290.08217351728337,-29.24158818065147,-289.7569274902344,-30.492040634155273
-288.60087565819197,-40.47785589994584,-291.4392879046945,-29.59628358537735,-291.11334228515625,-30.845855712890625
-289.9498609492221,-40.82530535388202,-292.79589614357366,-29.951278566399367,-292.4689025878906,-31.20064353942871
-291.2956806603963,-41.17175873260917,-294.15165127486006,-30.305179159389358,-293.8227844238281,-31.556472778320312
-292.6415667010475,-41.51744088933836,-295.5083019959828,-30.658852763926863,-295.17694091796875,-31.913978576660156
-293.9864039768769,-41.862025531942834,-296.86546720381494,-31.011674660813974,-296.5307312011719,-32.273197174072266
-295.33018812917095,-42.20490787052718,-298.22291144743485,-31.364650899507282,-297.88409423828125,-32.634342193603516
-296.6718080059491,-42.54551760956096,-299.5806485947407,-31.717038223116035,-299.23663330078125,-32.99767303466797
-298.01054776036426,-42.88413878328588,-300.9387301702059,-32.068762751706,-300.5881652832031,-33.363590240478516
-299.34955537528987,-43.221901828458876,-302.29760098073547,-32.42082614996036,-301.9396057128906,-33.732452392578125
-300.6876215607871,-43.558700023356316,-303.6563497131065,-32.772234723920306,-303.289794921875,-34.104061126708984
-302.02622650091877,-43.895460439319905,-305.01532915464117,-33.12388862447772,-304.639404296875,-34.47857666015625
-303.36100599432274,-44.23154727845301,-306.3750064476942,-33.47550924034587,-305.988037109375,-34.856483459472656
-304.69041062399845,-44.566822538131206,-307.73614546943276,-33.82721878578504,-307.3358459472656,-35.23871994018555
-306.0159112375653,-44.901921402900996,-309.0968252041627,-34.1781574144231,-308.68109130859375,-35.625205993652344
-307.3437271689047,-45.23810813082009,-310.45863368201833,-34.52913055365905,-310.0260314941406,-36.01640701293945
-308.6754332118258,-45.57551443188035,-311.8206235066419,-34.88028310366981,-311.3702697753906,-36.411712646484375
-310.011117043294,-45.914297588944585,-313.1813603839054,-35.23141679795546,-312.7128601074219,-36.81013870239258
-311.34703982540833,-46.253127247564,-314.5425476657864,-35.58351952798347,-314.0548095703125,-37.2120475769043
-312.6744514489819,-46.58950202250918,-315.9050535482952,-35.93624491065504,-315.3949279785156,-37.618438720703125
-313.98878616932717,-46.92284353014608,-317.2694815469923,-36.289250353155055,-316.73211669921875,-38.03099060058594
-315.29589144876064,-47.25375623660197,-318.6387250201699,-36.64274368861325,-318.0687255859375,-38.45206832885742
-316.5977006971994,-47.58342170682195,-320.0099989531904,-36.99544002243004,-319.4020690917969,-38.881778717041016
-317.89481012168454,-47.911936573067926,-321.3833087308798,-37.3477599744271,-320.73175048828125,-39.320865631103516
-319.1944728985106,-48.241621967421395,-322.75799877517153,-37.700018384030614,-322.0584716796875,-39.76935577392578
-320.4919092828608,-48.570398391116335,-324.135308169831,-38.053578163380614,-323.3820495605469,-40.22789001464844
-321.7821205950476,-48.896830367515534,-325.5160086156169,-38.408457213132635,-324.70111083984375,-40.697479248046875
-323.0656807775982,-49.220362440413126,-326.9010450052438,-38.76559110525529,-326.01544189453125,-41.17964553833008
-324.34977850185044,-49.542787391437535,-328.290698374001,-39.12646634604874,-327.3262634277344,-41.67558288574219
-325.6255325657094,-49.86347694020697,-329.6868831358179,-39.48707661949174,-328.6304931640625,-42.18606185913086
-326.8902949681934,-50.168924658382274,-331.095530635723,-39.84626200052613,-329.9271545410156,-42.71429443359375
-328.1469859675565,-50.45388777001748,-332.51917401581176,-40.20935426515201,-331.2154541015625,-43.26411819458008
-329.3973708757251,-50.72772667819495,-333.956183432862,-40.58202027956444,-332.4930725097656,-43.83819580078125
-330.64371826066446,-50.99972388751674,-335.4047209064118,-40.96836868061944,-333.7577819824219,-44.43844223022461
-331.88855272562466,-51.27845198490525,-336.863793314416,-41.37441560666197,-335.0088806152344,-45.066925048828125
-333.1352456093956,-51.57408882034598,-338.3316661707427,-41.80465192388642,-336.246337890625,-45.725135803222656
-334.3720933172725,-51.888521533184736,-339.81206132649635,-42.2598968873953,-337.4652099609375,-46.41377258300781
-335.5987756457989,-52.23800051753274,-341.31495735500084,-42.726989885140654,-338.66558837890625,-47.13520812988281
-336.83188005593115,-52.59757669447576,-342.84357016750084,-43.20587706433367,-339.8450927734375,-47.89021682739258
-338.09055982858507,-52.954778893886946,-344.38695910021585,-43.70898574508763,-341.002685546875,-48.67853927612305
-339.359487942607,-53.32888401285379,-345.94156569548034,-44.254965810276026,-342.13629150390625,-49.50083923339844
-340.6250767899027,-53.73649716252791,-347.5088772227786,-44.85516931684217,-343.2431335449219,-50.35873794555664
-341.8817406648856,-54.197930035327516,-349.03983832696366,-45.555329152172476,-344.3216552734375,-51.25200653076172
-343.11901393809893,-54.73252697297566,-350.5289984647272,-46.33087006634944,-345.371826171875,-52.17822265625
-344.31404290254613,-55.34737581553513,-351.9736168580608,-47.20229086625171,-346.3920593261719,-53.13764190673828
-345.44227484337074,-56.05827098061903,-353.3955667386953,-48.144374966754995,-347.37982177734375,-54.13032150268555
-346.4973629661962,-56.85713163915793,-354.7938708095048,-49.168597807329064,-348.3315734863281,-55.15733337402344
-347.4989573689196,-57.720697964546005,-356.1563611940684,-50.27282921848325,-349.2447509765625,-56.21881103515625
-348.4493274434624,-58.64372668769682,-357.45863667417666,-51.46204027316803,-350.1176452636719,-57.3138427734375
-349.348182244943,-59.61853419736762,-358.65622085629826,-52.76932493790867,-350.9475402832031,-58.44166564941406
-350.1933477437488,-60.64324754379679,-359.79033070225734,-54.14682636762939,-351.7325439453125,-59.6013298034668
-350.9828828123881,-61.7171978370564,-360.82166534939523,-55.59472751294959,-352.472412109375,-60.7902946472168
-351.70856214974225,-62.83962799312848,-361.7802484085221,-57.07910233743589,-353.1673278808594,-62.00528335571289
-352.3607898693176,-64.00677159697267,-362.64745987705885,-58.634608301369816,-353.8157653808594,-63.246917724609375
-352.9241322512172,-65.21916598828761,-363.44114226386523,-60.234160313796885,-354.41552734375,-64.51225280761719
-353.39621683865244,-66.46703785258525,-364.1344052846527,-61.90219516210084,-354.96331787109375,-65.80085754394531
-353.78536616439465,-67.74392359780256,-364.7438836527682,-63.59584588942419,-355.4590148925781,-67.11040496826172
-354.0971415348928,-69.04255595780255,-365.2478362629993,-65.31171211227532,-355.9032897949219,-68.43824768066406
-354.3396908647411,-70.35048816195919,-365.673138810638,-67.04158212814727,-356.294921875,-69.7796401977539
-354.52370234816135,-71.67540634236424,-365.98220666105357,-68.79901302592103,-356.6376037597656,-71.14476013183594
-354.64561189847007,-72.94759254052222,-366.1988735552505,-70.73928607775643,-356.89984130859375,-72.51671600341797
-354.72623301140806,-74.2226184716208,-366.2894182506851,-72.64351293560199,-357.0887451171875,-73.89998626708984
-354.75880796252187,-75.59306204552772,-366.2469736493446,-74.21257691745365,-357.2561340332031,-75.29296875
-354.7254051618995,-76.98812289945755,-366.167834064624,-75.69060684367147,-357.4137878417969,-76.68327331542969
-354.6354715650687,-78.34381657767598,-366.09036905851565,-77.29398855210839,-357.54156494140625,-78.07747650146484
-354.50415644455927,-79.67746170251756,-366.01431630453084,-78.9448391404857,-357.6307373046875,-79.47845458984375
-354.3454206729651,-80.98203405169534,-365.9151080442007,-80.61806175428828,-357.67474365234375,-80.8772964477539
-354.17245199674034,-82.26878945660556,-365.7817936316706,-82.2898262677246,-357.6722106933594,-82.27513122558594
-354.00279768277926,-83.60026368280124,-365.60990772258873,-83.84102341279876,-357.6431579589844,-83.67577362060547
-353.8415305532043,-84.95596641217446,-365.426678219306,-85.32495957205225,-357.59857177734375,-85.07563018798828
-353.692076481332,-86.32293311628553,-365.23993815604393,-86.7783165585735,-357.54339599609375,-86.47480773925781
-353.5394802626668,-87.70026616215421,-365.0599579462217,-88.20717723300346,-357.4818420410156,-87.87373352050781
-353.372488765894,-89.08721223302183,-364.8925625574739,-89.61878432955346,-357.417236328125,-89.27384948730469
-353.1964583581391,-90.48763120713147,-364.73205598138196,-90.99857010217033,-357.3553161621094,-90.67183685302734
-353.01714425519936,-91.8867849934733,-364.56474710787177,-92.37414815085876,-357.2964172363281,-92.06739044189453
-352.8374830363224,-93.2486974789496,-364.3911590004347,-93.82856363677305,-357.22607421875,-93.46895599365234
-352.6736949131503,-94.57133594580105,-364.21701811260084,-95.33930871792239,-357.13299560546875,-94.86801147460938
-352.5309249944895,-95.92453874381344,-364.0528441991279,-96.7906209686164,-357.0281677246094,-96.26258850097656
-352.38265603724125,-97.37593906535051,-363.9108646997824,-98.09465060781861,-356.9410400390625,-97.66012573242188
-352.2138529098245,-98.93891638150524,-363.7926613752341,-99.23568909621629,-356.9051818847656,-99.05915832519531
-352.0520464481206,-100.59326261873444,-363.68333381236044,-100.27233303232398,-356.94378662109375,-100.45829010009766
-351.91376529402476,-102.22807695161362,-363.568361655326,-101.3819463446983,-357.04522705078125,-101.85552978515625
-351.80662429127176,-103.79128005043653,-363.45590171852285,-102.61698318926112,-357.1856994628906,-103.2490463256836
-351.7592943951613,-105.41435437947777,-363.34554827980475,-103.80868865265951,-357.37786865234375,-104.63571166992188
-351.79239380027093,-107.13022827707452,-363.2401865976531,-104.93945033037345,-357.64105224609375,-106.0109634399414
-351.9623483463418,-108.95360773377274,-363.14205633459636,-106.01058792446648,-357.9974670410156,-107.36488342285156
-352.25434565300293,-110.93744270070175,-363.05059369665616,-107.01970954905386,-358.4747619628906,-108.68018341064453
-352.669695947468,-112.9596697640867,-362.9797235730244,-108.10859296665284,-359.0711364746094,-109.94766235351562
-353.20330272081844,-114.95828634910046,-363.06681137933003,-109.25375035631873,-359.77191162109375,-111.15934753417969
-353.8510522404415,-116.91279815682485,-363.28094124276845,-110.45246149148805,-360.5632019042969,-112.31436157226562
-354.61815465499166,-118.77083276395688,-363.6415048329406,-111.674990770551,-361.42877197265625,-113.41505432128906
-355.5865358772111,-120.55637591872924,-364.11079666636965,-112.88382842537301,-362.364990234375,-114.4552001953125
-356.74403876132305,-122.38606306180945,-364.7407388080997,-113.98992309095404,-363.37835693359375,-115.42035675048828
-358.0638817816038,-124.11414391874142,-365.4805616062497,-115.06584167650186,-364.4619445800781,-116.30854797363281
-359.38300606744326,-125.6568545359591,-366.3679525811807,-116.07288067676336,-365.5945739746094,-117.13402557373047
-360.7367452580016,-126.9514247164348,-367.41138078877265,-116.93274884128162,-366.760009765625,-117.91046142578125
-362.27268962923335,-128.00646870127923,-368.528844505303,-117.68900982284907,-367.95513916015625,-118.63514709472656
-364.2249092135381,-129.04878567687487,-369.6894035844278,-118.31411340960103,-369.20269775390625,-119.27021789550781
-366.52403239896574,-129.95454152546478,-370.888430170571,-118.81118769728445,-370.50836181640625,-119.7815933227539
-368.57770338799855,-130.43158508143378,-372.166889628749,-119.19393893193883,-371.8430480957031,-120.20787811279297
-370.31936973156337,-130.57646777069354,-373.52189946517365,-119.42203192399276,-373.18560791015625,-120.59333801269531
-372.72567192894127,-130.68625416835897,-374.8315609624365,-119.4282017746789,-374.5653381347656,-120.85142517089844
-374.9079177706311,-130.54188689960588,-376.1542468618475,-119.20859440161608,-375.9567565917969,-121.00444030761719
-377.0415490983463,-130.1378086519417,-377.43289246367254,-118.81096992782815,-377.3554382324219,-121.05276489257812
-379.0711552188704,-129.45479784435486,-378.65302196196143,-118.28825907662166,-378.75457763671875,-121.00037384033203
-380.98391467539284,-128.65420228024593,-379.79757953420153,-117.59668857112483,-380.146728515625,-120.85101318359375
-382.7829201738591,-127.7345554554795,-380.8543585160709,-116.80347886642129,-381.5255432128906,-120.60774993896484
-384.48876949930815,-126.7500510245846,-381.82106575081866,-115.97665530334604,-382.8844909667969,-120.27124786376953
-386.10402224684924,-125.72143318022951,-382.6735681555008,-115.02966163971777,-384.2180480957031,-119.84337615966797
-387.60908112377143,-124.63265632336613,-383.4568185505642,-114.08811347297272,-385.5210876464844,-119.33026123046875
-388.9981647673889,-123.48146052398617,-384.17858322817744,-113.13220840765925,-386.7898254394531,-118.73941802978516
-390.28355880095387,-122.30827678148195,-384.8681498221181,-112.16778570381365,-388.0252990722656,-118.07962799072266
-391.4710816079192,-121.10614720533727,-385.538378119477,-111.20271289061891,-389.2268371582031,-117.3598403930664
-392.5847981161166,-119.91338997081309,-386.2088273116076,-110.23132981348105,-390.3961181640625,-116.58982849121094
-393.6340166953562,-118.74644109052655,-386.9168841436756,-109.23683551925902,-391.53997802734375,-115.7818603515625
-394.65918840181587,-117.60748569184597,-387.63599884279733,-108.24051166994455,-392.66046142578125,-114.94174194335938
-395.66352865679585,-116.48708233005283,-388.3798868718399,-107.25613048198326,-393.759765625,-114.0743408203125
-396.6374769021482,-115.36522442756726,-389.1481759981129,-106.27399785673506,-394.840576171875,-113.18397521972656
-397.5934626187813,-114.23873350543523,-389.91073763591436,-105.29811610753943,-395.90277099609375,-112.27122497558594
-398.5303809763531,-113.110922535587,-390.67649389356285,-104.31799141658708,-396.9471435546875,-111.33838653564453
-399.4550925883933,-111.98507604848365,-391.4427747046012,-103.33827113511327,-397.9740905761719,-110.38679504394531
-400.3721394234913,-110.86217642424172,-392.2112507326249,-102.36027456267861,-398.98468017578125,-109.41674041748047
-401.28356299691353,-109.7440975778363,-392.9800001707628,-101.3835937608252,-399.9783020019531,-108.42988586425781
-402.19453410735076,-108.63482801576151,-393.75256864351365,-100.40889823928799,-400.95526123046875,-107.4272689819336
-403.10471595436246,-107.53182156690434,-394.5328057533056,-99.4321339733809,-401.9169616699219,-106.40950012207031
-404.0128606243815,-106.43136949428643,-395.31604376380375,-98.45621242169001,-402.86346435546875,-105.37734985351562
-404.9178829535085,-105.33240407865061,-396.1071493450763,-97.47486683686965,-403.7958984375,-104.33180236816406
-405.81804913182856,-104.23792409269355,-396.9162338979194,-96.47626788226422,-404.71575927734375,-103.27681732177734
-406.7147257360641,-103.14375761080073,-397.7374070080325,-95.46568264213525,-405.6259765625,-102.21257781982422
-407.606168300059,-102.04973412981104,-398.5726531080706,-94.43932546008197,-406.5282287597656,-101.14160919189453
-408.492017310507,-100.95415175088743,-399.4194216724647,-93.40025769058833,-407.4244079589844,-100.06525421142578
-409.3725044862841,-99.85497693936466,-400.2654651674692,-92.36236556533477,-408.3139343261719,-98.98406219482422
-410.2453657799434,-98.74978248523516,-401.1109359517822,-91.32636234693081,-409.19683837890625,-97.89765930175781
-411.1112550468078,-97.63885965890614,-401.96149125021986,-90.28529674204944,-410.0744934082031,-96.80562591552734
-411.97108865447535,-96.5268550791344,-402.8196098320879,-89.23694582884167,-410.9466247558594,-95.71078491210938
-412.82905183046756,-95.41361358649155,-403.68286395447484,-88.1826332726351,-411.81524658203125,-94.61209869384766
-413.6883929202154,-94.30206392598434,-404.5462301252859,-87.12752898804591,-412.67974853515625,-93.51050567626953
-414.5513715469755,-93.19308942198704,-405.40725341857654,-86.07459905266884,-413.53985595703125,-92.40564727783203
-415.4226337018433,-92.08826656011294,-406.2611050833058,-85.02919897743287,-414.3946838378906,-91.29621887207031
-416.30447882056353,-90.99004314142672,-407.1075497793496,-83.99195124857161,-415.2425231933594,-90.1819839477539
-417.1953697324699,-89.89662985563392,-407.95044016719686,-82.95795795593702,-416.08319091796875,-89.06189727783203
-418.09128509131307,-88.80650328882543,-408.80091569507186,-81.92625982357563,-416.9165954589844,-87.93655395507812
-418.98962421953627,-87.71602581047765,-409.65000592097044,-80.90030004561513,-417.7419738769531,-86.80553436279297
-419.8877447394518,-86.6207801707467,-410.49205537704586,-79.88440741422272,-418.5579833984375,-85.66738891601562
-420.78429010878983,-85.51447703524394,-411.3089984277377,-78.89679301115066,-419.35968017578125,-84.5195083618164
-421.67788177582236,-84.3918999195216,-412.0976144821417,-77.94247429569147,-420.1417541503906,-83.35778045654297
-422.5724145951962,-83.24746907565606,-412.840865430086,-77.04233581573301,-420.89434814453125,-82.17748260498047
-423.47414902339005,-82.08378361913476,-413.54472600474713,-76.16952920963831,-421.6111145019531,-80.97410583496094
-424.38554400720847,-80.90083084539548,-414.2495796531915,-75.33229554877921,-422.2852783203125,-79.74697875976562
-425.30075576906324,-79.69082226892982,-414.9884895790149,-74.52862479846864,-422.9119873046875,-78.49503326416016
-426.2148116792925,-78.44370926377327,-415.74240568866605,-73.7392084410142,-423.48577880859375,-77.2177505493164
-427.123964577,-77.14559713469362,-416.5008403111358,-72.96276800748011,-423.99871826171875,-75.9150390625
-428.03098333266735,-75.7945990058352,-417.2699878229191,-72.17431078040624,-424.4450988769531,-74.58821105957031
-428.88829301359374,-74.37769151305757,-418.0555298830995,-71.34679346224019,-424.8222961425781,-73.24006652832031
-429.73109412303216,-72.9074787026096,-418.7927786231443,-70.45054483765973,-425.1291809082031,-71.87380981445312
-430.5796011498537,-71.39082075286906,-419.5437184716077,-69.49170718468316,-425.3666687011719,-70.4937515258789
-431.415576262372,-69.82816652745903,-420.28391452595594,-68.45793902195821,-425.53765869140625,-69.1046371459961
-432.21456924103626,-68.22910386099812,-420.8812940995186,-67.33094033490293,-425.6482849121094,-67.70872497558594
-432.9521867161108,-66.58572137170097,-421.45234959537544,-66.14776850453364,-425.7015686035156,-66.3095932006836
-433.59304428114706,-64.89272605944356,-421.9316511893294,-64.91738016746008,-425.6986083984375,-64.90941619873047
-434.0833713356049,-63.16007727297711,-422.322561500395,-63.64801061954145,-425.64056396484375,-63.510353088378906
-434.3645398604058,-61.398263700783176,-422.61785716937317,-62.350788556783215,-425.52740478515625,-62.1148567199707
-434.5055980557386,-59.61269716089326,-422.8110711408993,-61.03472472357367,-425.3583984375,-60.7249755859375
-434.499337832395,-57.826364743349934,-422.90255227515337,-59.70421876180394,-425.13458251953125,-59.34278869628906
-434.39659655277563,-56.01231086351353,-422.8916388834039,-58.37389724803461,-424.8530578613281,-57.971282958984375
-434.20670456524977,-54.18113513914796,-422.7854787686955,-57.04653973968859,-424.5123596191406,-56.6132926940918
-433.89916654159185,-52.338752613977256,-422.5897745173716,-55.72821756472878,-424.1105041503906,-55.2724494934082
-433.4929597658734,-50.49502777084238,-422.30230165530054,-54.4227668393487,-423.64666748046875,-53.9509162902832
-432.97692976563314,-48.67700898083639,-421.9253287011275,-53.135293041202054,-423.1227722167969,-52.65223693847656
-432.3026859133333,-46.89753582498658,-421.4650746369494,-51.873449636310276,-422.5388488769531,-51.38044357299805
-431.4922801818222,-45.177348772570404,-420.92095800937784,-50.64024071475659,-421.8959655761719,-50.136390686035156
-430.5609179768829,-43.58169576233324,-420.28827535697775,-49.44143035660175,-421.2021789550781,-48.92012023925781
-429.52848476226563,-42.07838587715885,-419.56555361338025,-48.29049986783768,-420.4613342285156,-47.73196029663086
-428.38207921872834,-40.62652441708564,-418.7467017325955,-47.20753899604523,-419.6716613769531,-46.57578659057617
-427.1235583727654,-39.293318449801,-417.8190444279877,-46.20784339472931,-418.8363952636719,-45.451812744140625
-425.75698051779744,-38.06252828830511,-416.782310448564,-45.31090378700046,-417.95660400390625,-44.36248779296875
-424.2522304479238,-36.933025699870456,-415.6636598732042,-44.51982481827098,-417.0296630859375,-43.31315231323242
-422.68242922309264,-35.912991010354354,-414.4882518453797,-43.81935246344235,-416.05731201171875,-42.30540466308594
-421.10627769606907,-34.9734819558699,-413.2770096932831,-43.19498520747866,-415.04351806640625,-41.3399772644043
-419.5105501023222,-34.107701508253434,-412.0472998697277,-42.63663658714157,-413.9892272949219,-40.41741943359375
-417.9485065613389,-33.30810942525963,-410.80359218766813,-42.123397978645514,-412.901123046875,-39.53549575805664
-416.40591829190606,-32.580998605272626,-409.55304196875744,-41.6416789508165,-411.78466796875,-38.69108581542969
-414.8630173550806,-31.931030124497077,-408.2992112359204,-41.18463494649125,-410.642578125,-37.88097381591797
-413.3252199671812,-31.343954704408553,-407.02972228038806,-40.76815353066279,-409.4780578613281,-37.103057861328125
-411.80676068434366,-30.8051572865084,-405.730705715725,-40.40499363736361,-408.294677734375,-36.35405731201172
-410.30702277483215,-30.321771058802433,-404.40248302586053,-40.08011109075106,-407.0959167480469,-35.62871551513672
-408.82985594291847,-29.869271991579524,-403.0542002808312,-39.78559751025341,-405.8858337402344,-34.92391586303711
-407.36428681745883,-29.424910838475576,-401.70484712288595,-39.518457075722765,-404.66485595703125,-34.239315032958984
-405.9014292389443,-28.9973849728799,-400.3602849172751,-39.267515667326954,-403.43206787109375,-33.57417678833008
-404.4354089971267,-28.59932745662868,-399.0293900739961,-39.018507210683005,-402.1888732910156,-32.929141998291016
-402.96788607606805,-28.22430152720534,-397.7251699377033,-38.749709546521785,-400.9353942871094,-32.30478286743164
-401.5061103794281,-27.868645199331322,-396.4341040526697,-38.461387420787005,-399.6717224121094,-31.6997127532959
-400.0499703063761,-27.524071346887165,-395.15459690714835,-38.178021499150674,-398.39984130859375,-31.115297317504883
-398.60391873660353,-27.18597661710165,-393.8749563107409,-37.89407429567806,-397.1185302734375,-30.5494384765625
-397.16866669213863,-26.847690859263437,-392.5982842919635,-37.610808296215225,-395.8292541503906,-30.001968383789062
-395.742443345207,-26.50378075484717,-391.3309806130574,-37.330468997486875,-394.5323791503906,-29.473541259765625
-394.3243450993371,-26.156928544794788,-390.06973980330315,-37.05121603243702,-393.22802734375,-28.96414566040039
-392.91214694752364,-25.811298091121685,-388.809375430632,-36.770967921997915,-391.915771484375,-28.472900390625
-391.5060352110452,-25.467417535896807,-387.5519327558509,-36.490152361906034,-390.5975341796875,-28.000019073486328
-390.1042023003911,-25.125510322020634,-386.2996441379296,-36.209550537468346,-389.2735290527344,-27.54555892944336
-388.70583127846714,-24.786092127006576,-385.04468550699687,-35.926838061607114,-387.9427185058594,-27.108219146728516
-387.3109956159394,-24.44972909193914,-383.78917721859756,-35.642840783528975,-386.6067810058594,-26.687877655029297
-385.9190487802976,-24.117302034731015,-382.5299568547967,-35.35645724590921,-385.2658386230469,-26.283525466918945
-384.52835826804153,-23.787996547415347,-381.2723989679127,-35.069211697513396,-383.9201965332031,-25.89514923095703
-383.1390676125833,-23.459907938137878,-380.0162585285063,-34.78122842826797,-382.570068359375,-25.522737503051758
-381.75271685957443,-23.132526469744047,-378.75319203361227,-34.4900335050379,-381.2159118652344,-25.165103912353516
-380.3689140462469,-22.80810351897688,-377.4808000533176,-34.195124875531405,-379.8584289550781,-24.820802688598633
-378.98669621728556,-22.48634907571516,-376.20034320596227,-33.8976232047021,-378.497802734375,-24.488571166992188
-377.60642378784524,-22.168598499212145,-374.90846645912086,-33.59701729999008,-377.13470458984375,-24.166778564453125
-376.2287266359827,-21.85613652731899,-373.6001927773828,-33.2922124144672,-375.7697448730469,-23.85304832458496
-374.85253799249426,-21.549760573627815,-372.2787973272282,-32.98399710952823,-374.4033203125,-23.54547882080078
-373.47686946667045,-21.250947779502578,-370.94796039688765,-32.67329116933436,-373.035888671875,-23.24272918701172
-372.1012676654022,-20.959674688812722,-369.61211100733027,-32.361133963055096,-371.66802978515625,-22.94409942626953
-370.724572173876,-20.673525609844056,-368.27142630526646,-32.04733007747438,-370.2985534667969,-22.648725509643555
-369.3475181523737,-20.391136987050547,-366.9259486653349,-31.731785580517535,-368.9279479980469,-22.356060028076172
-367.97249321661934,-20.11108030295239,-365.5796866820426,-31.415703893983974,-367.55865478515625,-22.066226959228516
-366.59705538801705,-19.830899753700063,-364.23172325032516,-31.098532118962474,-366.1882019042969,-21.77853775024414
-365.2217058973298,-19.549049957972873,-362.88233358279393,-30.780736451640976,-364.81683349609375,-21.492904663085938
-363.8473039979011,-19.265674979110322,-361.53151325323637,-30.462089120008997,-363.4453125,-21.209228515625
-362.47280034773763,-18.98358338726478,-360.1792075148684,-30.143457623210935,-362.0733337402344,-20.927257537841797
-361.09833187120955,-18.704063051228186,-358.82515096974555,-29.82414516157837,-360.7012023925781,-20.646764755249023
-359.7241420963266,-18.424436035639577,-357.4695344054128,-29.504635968791487,-359.3287658691406,-20.36750030517578
-358.35072210293305,-18.143120531617214,-356.11173455059054,-29.184919885200223,-357.95611572265625,-20.089162826538086
-356.9787672498178,-17.858019897674602,-354.7521599801508,-28.864790416887892,-356.5835876464844,-19.811508178710938
-355.6079632961707,-17.56737850820825,-353.39047766159996,-28.543780674465186,-355.21063232421875,-19.53413963317871
-354.2382450852097,-17.269378485007636,-352.0257561361344,-28.222365139635095,-353.8368225097656,-19.25663185119629
-352.8723344115142,-16.96313890688448,-350.66090248213516,-27.90103291164906,-352.4647216796875,-18.979219436645508
-351.5082447678274,-16.649631075998215,-349.2944828588018,-27.579249587100357,-351.0926818847656,-18.701316833496094
-350.1446213720716,-16.33028607049764,-347.92514153821827,-27.257236256032407,-349.71966552734375,-18.42243003845215
-348.78261688557564,-16.007411871126287,-346.55505685838654,-26.93512902627166,-348.34735107421875,-18.142690658569336
-347.4212485135269,-15.682516825062267,-345.1845645122459,-26.613020036056056,-346.97528076171875,-17.861927032470703
-346.06007950563395,-15.35729349461388,-343.81308460849135,-26.290310799734968,-345.603271484375,-17.579946517944336
-344.698956049282,-15.033498103874024,-342.4413261429912,-25.967823850528838,-344.2316589355469,-17.2967472076416
-343.3379514475551,-14.712718234967731,-341.0673894529512,-25.644893817661043,-342.86041259765625,-17.011945724487305
-341.9768472466484,-14.39326610695839,-339.6929197317961,-25.32227748455955,-341.4894714355469,-16.725448608398438
-340.61596441837673,-14.073702899427614,-338.31753361912,-25.000079255940967,-340.1188049316406,-16.43712043762207
-339.25563972204264,-13.753953114121034,-336.9419951565775,-24.67865442835955,-338.74884033203125,-16.146987915039062
-337.89485092713977,-13.434299712600156,-335.56705574854755,-24.358123727599263,-337.3789978027344,-15.855083465576172
-336.5338866880974,-13.114709601126776,-334.1928334954555,-24.0382451428995,-336.0094909667969,-15.561580657958984
-335.173331546842,-12.795183798596803,-332.81755372536793,-23.718899852729145,-334.6404113769531,-15.266328811645508
-333.81293023994374,-12.475767529606816,-331.4412279350403,-23.400053271368137,-333.2716064453125,-14.969156265258789
-332.45334894446086,-12.156244653499456,-330.0632960977488,-23.081051731759416,-331.9034423828125,-14.669838905334473
-331.0939561025641,-11.836578252992886,-328.6850256305693,-22.762493592307962,-330.5357666015625,-14.368295669555664
-329.7343214599377,-11.51722769851565,-327.3073134652735,-22.44421701702904,-329.16851806640625,-14.064614295959473
-328.3745536334112,-11.197879349515418,-325.9301097442697,-22.125940178239446,-327.80169677734375,-13.75887680053711
-327.01479673819887,-10.878401027252128,-324.5539747745286,-21.80817838203226,-326.4355163574219,-13.45128345489502
-325.65500555584,-10.559008238795599,-323.17809602592706,-21.491532319660244,-325.06982421875,-13.141867637634277
-324.2938817457048,-10.239166854481134,-321.8021190820757,-21.175644279128406,-323.7034606933594,-12.83055591583252
-322.93297600806505,-9.91960579696492,-320.42931346174464,-20.860153617348487,-322.33831787109375,-12.518153190612793
-321.5717806074341,-9.599913821999564,-319.058135857499,-20.54523836047474,-320.97357177734375,-12.204732894897461
-320.2097511477894,-9.279953146398848,-317.68839584640097,-20.22963967570339,-319.608642578125,-11.890434265136719
-318.84739197022043,-8.959898116392262,-316.3204014510813,-19.91364775702598,-318.24395751953125,-11.575606346130371
-317.4843754401404,-8.63974229137117,-314.9548074031415,-19.59693856234783,-316.87933349609375,-11.260570526123047
-316.12095222308875,-8.319430974056187,-313.5905588431267,-19.27923277162019,-315.5146484375,-10.9454927444458
-314.7571019941262,-7.999084608518383,-312.227602594834,-18.960858905578434,-314.1498718261719,-10.630561828613281
-313.39298666448644,-7.678991201365829,-310.8660213554063,-18.64194253960686,-312.78515625,-10.315994262695312
-312.028338523304,-7.358490644987064,-309.5059349477202,-18.32295533676918,-311.4201965332031,-10.001981735229492
-310.6634056288018,-7.037830974051621,-308.14649821124607,-18.003807886717595,-310.05499267578125,-9.688640594482422
-309.29846883253276,-6.717408702764533,-306.78755264438917,-17.68495466747158,-308.6897888183594,-9.376090049743652
-307.933291911191,-6.396875129460801,-305.42917954485955,-17.366112026220467,-307.3243408203125,-9.06437873840332
-306.5678237950549,-6.076684069319734,-304.0714310139645,-17.047279861698478,-305.95867919921875,-8.753618240356445
-305.20206981179666,-5.756075906111597,-302.7150999052587,-16.728684280420367,-304.59283447265625,-8.444046020507812
-303.83600401172254,-5.435161325072892,-301.36054574555845,-16.41026764400266,-303.2268371582031,-8.135942459106445
-302.46899106414605,-5.113919290403645,-300.00464545154915,-16.09103845313458,-301.8594665527344,-7.828969955444336
-301.103971324917,-4.792652157632654,-298.64832018544786,-15.772289084109977,-300.49322509765625,-7.523403167724609
-299.73880160875626,-4.471652947426218,-297.29007030272084,-15.452746079988966,-299.1262512207031,-7.218574523925781
-298.37390507890177,-4.15110503215786,-295.93032416804755,-15.13321571420029,-297.7590637207031,-6.91436767578125
-297.00884493170116,-3.83074895575654,-294.571244225341,-14.813931394619154,-296.3918151855469,-6.610921382904053
-295.6434310880629,-3.510311117530892,-293.2128697471453,-14.495750894130122,-295.02435302734375,-6.308366298675537
-294.2775038701987,-3.189511247511099,-291.85607523747404,-14.178022851072377,-293.6566467285156,-6.006978511810303
-292.9112269066661,-2.8685904026444793,-290.49970588781383,-13.861124415977942,-292.28857421875,-5.70685338973999
-291.5452559423442,-2.5475926779415503,-289.1429268409852,-13.54422768558908,-290.9203796386719,-5.407957077026367
-290.1797861101462,-2.226379479276322,-287.78461466572054,-13.227166074426977,-289.55194091796875,-5.110010623931885
-288.81498411720287,-1.9047024456960906,-286.42436219796315,-12.909271705181327,-288.1832580566406,-4.812679290771484
-287.45068438282374,-1.5837535941072116,-285.0623719997946,-12.590838516268052,-286.81451416015625,-4.515689849853516
-286.08660962716675,-1.2632305042011938,-283.699823706931,-12.271622849055598,-285.4457702636719,-4.218925476074219
-284.7225904358063,-0.9427428327677543,-282.3369188928783,-11.95210907750372,-284.0769348144531,-3.9223060607910156
-283.3586668610075,-0.6228862723082806,-280.9740203576529,-11.632239666571786,-282.7082214355469,-3.625840187072754
-281.99466026838485,-0.3029962633579393,-279.61104833517027,-11.312025313478948,-281.3393859863281,-3.3294677734375
-280.6306657002664,0.016683158515160557,-278.24790448116994,-10.991619911445639,-279.97052001953125,-3.033174991607666
-279.26655874758984,0.3366207638545924,-276.8852914246819,-10.671353035208702,-278.6016540527344,-2.7370591163635254
-277.90259537412555,0.6567374320483363,-275.5226194183557,-10.351101450436712,-277.2328186035156,-2.4411067962646484
-276.5387134458281,0.9771961080199056,-274.1597147415136,-10.030609851220216,-275.8638916015625,-2.1452553272247314
-275.17484973155126,1.2980600325838432,-272.79654710683144,-9.710358567169902,-274.4948425292969,-1.8494805097579956
-273.81127720737504,1.6186488231473222,-271.4327813280522,-9.389747536947146,-273.1258544921875,-1.553694248199463
-272.44852650516015,1.9388728542325668,-270.0699348711365,-9.068862524113005,-271.7577209472656,-1.2580629587173462
-271.0837228094475,2.259470282787092,-268.70479507202333,-8.747398249737792,-270.3874816894531,-0.9619114995002747
-269.71930797228015,2.5797007173007174,-267.3397802818624,-8.425853863614837,-269.0176086425781,-0.6657291650772095
-268.35737796770354,2.8994078343970706,-265.9768253132383,-8.104639071652112,-267.6501159667969,-0.3698936104774475
-266.9948028993758,3.2192516101391084,-264.61245526078517,-7.783141981147913,-266.28179931640625,-0.07361208647489548
-265.6313776037579,3.5395620322948766,-263.2464972589715,-7.461495844147311,-264.9124450683594,0.22324536740779877
-264.2687317233363,3.859726808493575,-261.8805857928463,-7.139973902302423,-263.5437316894531,0.5204068422317505
-262.90637551501953,4.180086555868222,-260.5145545971283,-6.818411098248494,-262.17523193359375,0.8180117011070251
-261.5437347308362,4.500524756022816,-259.1490426017391,-6.497062623096386,-260.8067626953125,1.1159918308258057
-260.18087339240043,4.8206701168910655,-257.7840192204798,-6.175708112461675,-259.4383850097656,1.414253830909729
-258.817755867958,5.140908462085799,-256.41926782694685,-5.854359717087639,-258.0699462890625,1.7127625942230225
-257.4545233339233,5.460759047672084,-255.05484986985476,-5.533179912633747,-256.7016296386719,2.0114283561706543
-256.0914420932138,5.7806277835853965,-253.6899777646868,-5.2116176791679765,-255.3332977294922,2.31036639213562
-254.72864436357216,6.100378410922975,-252.3245492306741,-4.89011220943132,-253.96507263183594,2.60965633392334
-253.36611311127135,6.420245362108638,-250.95876444300893,-4.568712494236759,-252.59698486328125,2.909363031387329
-252.00372320137902,6.740089177446748,-249.59264607883324,-4.246911561923946,-251.2289581298828,3.209573984146118
-250.6416504043642,7.060332127213757,-248.22626129473244,-3.9252757168905656,-249.86111450195312,3.510319709777832
-249.27960306148557,7.3804543568681344,-246.85980970364295,-3.6036610244205995,-248.49339294433594,3.8116278648376465
-247.9172388851346,7.70057954271776,-245.4937560485448,-3.281894961225258,-247.12567138671875,4.11344051361084
-246.55498091039408,8.02055152595196,-244.1274785693938,-2.9603661916445647,-245.75808715820312,4.41576623916626
-245.19304341879902,8.340379240019931,-242.76083106758296,-2.6383611619476977,-244.3907012939453,4.718694686889648
-243.8314753080113,8.660387350316501,-241.39347771125983,-2.316390111649561,-243.02345275878906,5.022367477416992
-242.47014375652435,8.980105770160636,-240.02580961462172,-1.9942684984358703,-241.6564483642578,5.326841831207275
-241.1089631877086,9.300012572724224,-238.65785937088174,-1.6719128614599317,-240.28958129882812,5.63219690322876
-239.74772087538514,9.619898747123235,-237.28992121482065,-1.3499679696623854,-238.92288208007812,5.938405990600586
-238.38669680909726,9.939830336587365,-235.92180014016213,-1.0278432337734102,-237.55642700195312,6.2455058097839355
-237.02562802287605,10.259815639172189,-234.55383805147702,-0.7057751142687652,-236.19017028808594,6.553478240966797
-235.66428231878433,10.579950757156404,-233.18594767558395,-0.38372832870064855,-234.82391357421875,6.8623199462890625
-234.3032524326941,10.89995322490303,-231.8182652877949,-0.06163175428180523,-233.45811462402344,7.171946048736572
-232.94206142301957,11.219927566092622,-230.45059921990656,0.2603239880082926,-232.0924072265625,7.482414245605469
-231.58084180029402,11.539767829676546,-229.0829746111528,0.5823583238586352,-230.7268829345703,7.793701171875
-230.21957759904467,11.85986293564843,-227.71554625986101,0.9043862611205178,-229.3615264892578,8.105772972106934
-228.85804848128834,12.179282831671177,-226.34819620523234,1.226398898332281,-227.9962921142578,8.41861629486084
-227.49759500624364,12.4988455126557,-224.98129595549983,1.5484489816584803,-226.6320343017578,8.732110023498535
-226.1363293162434,12.818286067645499,-223.6123147253887,1.8708767323592435,-225.2667999267578,9.046875953674316
-224.77425419312968,13.13784779334347,-222.24168325633474,2.193626804927824,-223.90072631835938,9.362995147705078
-223.41553903441053,13.45722024352082,-220.87391776867588,2.515799009142648,-222.5380096435547,9.679545402526855
-222.05555038540797,13.776795475751898,-219.50459656554574,2.838272697013802,-221.17420959472656,9.997594833374023
-220.69448151298414,14.096711529975336,-218.1359075098938,3.1603185393345523,-219.81015014648438,10.316717147827148
-219.33324476495778,14.416834295175452,-216.76861980850867,3.4821434985750486,-218.4466094970703,10.63652229309082
-217.97118589376169,14.736817888585705,-215.40239023426406,3.8037433865127186,-217.08306884765625,10.956894874572754
-216.60904962327163,15.056995242229018,-214.0367364932508,4.125641294513294,-215.7197265625,11.2777099609375
-215.24676141989815,15.376991102388358,-212.6711715168476,4.447165392897448,-214.35647583007812,11.598957061767578
-213.88453484167292,15.697050372187094,-211.30561358826185,4.768861239300919,-212.99334716796875,11.920639038085938
-212.52216527824766,16.016794579107714,-209.94025008303913,5.090503280680675,-211.63034057617188,12.242721557617188
-211.15977700229,16.33672948247497,-208.57480746388046,5.412385148340529,-210.26734924316406,12.565238952636719
-209.79769109458894,16.656845383786216,-207.20908361629515,5.734060583671673,-208.90455627441406,12.888209342956543
-208.4354184406687,16.976970295820212,-205.84362805357256,6.055453666232523,-207.54185485839844,13.211592674255371
-207.0729354637944,17.297197723684658,-204.47876803640875,6.3768848074744255,-206.1792755126953,13.535279273986816
-205.7099200148082,17.617743500102808,-203.11457878146476,6.697932497693886,-204.8166046142578,13.859148979187012
-204.3466993327083,17.938480889325294,-201.75097520441082,7.0188020681244705,-203.45399475097656,14.183055877685547
-202.98331220330346,18.259063160617497,-200.3874959399532,7.33981941726211,-202.09133911132812,14.506998062133789
-201.6198926469657,18.579452695980315,-199.02420208572823,7.660738303609896,-200.728759765625,14.83092212677002
-200.2562254674215,18.89970871981531,-197.6611869233837,7.981705142326223,-199.36611938476562,15.154800415039062
-198.89248870934827,19.219954158295934,-196.29856360405634,8.302854908145815,-198.00352478027344,15.478555679321289
-197.52873109449988,19.540063552769812,-194.93578104814586,8.62394249256699,-196.640869140625,15.80223274230957
-196.16505498169707,19.860341357288874,-193.57316469804016,8.944725817493474,-195.27828979492188,16.125774383544922
-194.8009832720809,20.180568963469273,-192.21079012123556,9.265628999997798,-193.91549682617188,16.449174880981445
-193.43678102854398,20.50102894648849,-190.84883818926477,9.58617979007985,-192.5526885986328,16.772300720214844
-192.07273234881347,20.821560306193042,-189.48682114790455,9.907039917594828,-191.1898651123047,17.095186233520508
-190.70883617521642,21.14190728874204,-188.1244788386779,10.227562548368656,-189.82704162597656,17.417882919311523
-189.34498384948967,21.462568849309278,-186.76207726360943,10.548464293290337,-188.464111328125,17.74043083190918
-187.9812868691482,21.78318564702321,-185.39921704703596,10.869288573244033,-187.1011199951172,18.062894821166992
-186.61766961742924,22.103603956591247,-184.03640455862177,11.190304917215975,-185.73818969726562,18.38526153564453
-185.25402794083513,22.424176412012592,-182.67351435133608,11.511248443657204,-184.37518310546875,18.707563400268555
-183.8904414376111,22.744516289383704,-181.31058059782174,11.832332860396889,-183.01220703125,19.02979850769043
-182.52678278457313,23.06496822243619,-179.94756972357246,12.153507253621424,-181.6491241455078,19.351999282836914
-181.16323607969002,23.385117668691052,-178.58449767058144,12.474854459671354,-180.28611755371094,19.674158096313477
-179.7996273615148,23.705310486603537,-177.221592978684,12.796152859684469,-178.92311096191406,19.996261596679688
-178.43595985009986,24.02572307919929,-175.85870925635092,13.117197517773189,-177.56004333496094,20.318300247192383
-177.072228157171,24.34619944696653,-174.49601140736527,13.438245210693195,-176.19696044921875,20.640230178833008
-175.70871117769354,24.666439956156058,-173.1329187790259,13.759363451145276,-174.8339080810547,20.962125778198242
-174.3450545466506,24.98695647302142,-171.77009788466643,14.080273755034224,-173.47080993652344,21.283939361572266
-172.9817279476099,25.307378117594013,-170.4068006200515,14.401308011389974,-172.10777282714844,21.60575294494629
-171.61819780220245,25.627665590952425,-169.04352849586672,14.72241549107796,-170.74462890625,21.927583694458008
-170.2549136947216,25.948024103394033,-167.6799212404782,15.04358106369391,-169.38153076171875,22.249467849731445
-168.8916373403126,26.26830957297436,-166.31640391311345,15.36469119958654,-168.01849365234375,22.571392059326172
-167.52833638403294,26.588583070210802,-164.9528270469419,15.685741532035264,-166.6554412841797,22.89337730407715
-166.16515924065854,26.908883443910064,-163.58907921283267,16.00670467203731,-165.2924346923828,23.215442657470703
-164.80193760223878,27.229298797940594,-162.22528709191565,16.327761230192184,-163.92938232421875,23.537609100341797
-163.43879800569658,27.54960980698882,-160.86150506318893,16.649062218430643,-162.56640625,23.859867095947266
-162.07563241206495,27.8696208860021,-159.49783613656214,16.970522151945215,-161.20350646972656,24.182212829589844
-160.71235056363187,28.189838131207825,-158.134105270877,17.292049043194485,-159.8404998779297,24.50467872619629
-159.34915685530368,28.50978482681864,-156.77013039642208,17.613635910600575,-158.4775390625,24.827280044555664
-157.9861381222142,28.829905957022582,-155.40605370284135,17.935436908339003,-157.11465454101562,25.15004539489746
-156.62319987258775,29.150171650280498,-154.04186209951428,18.257348833237305,-155.75180053710938,25.47300910949707
-155.26065518500752,29.47068702223953,-152.67855364094765,18.579103987781913,-154.3894805908203,25.795978546142578
-153.89715086754467,29.791451495155655,-151.31385074241607,18.900990942642405,-153.02610778808594,26.119380950927734
-152.53276966761027,30.11225497557536,-149.9486508451207,19.22313838191875,-151.6620330810547,26.443092346191406
-151.17189612726065,30.432202124333642,-148.58683528059038,19.545094289323977,-150.30142211914062,26.766159057617188
-149.80909554245386,30.752427422742176,-147.2231158250766,19.867428149205892,-148.93896484375,27.089841842651367
-148.44544579364586,31.072946277963055,-145.85871205162172,20.19023172158517,-147.57571411132812,27.413875579833984
-147.08235441910688,31.39314406357311,-144.49487364645535,20.512922730480582,-146.2130889892578,27.73792839050293
-145.71939980629773,31.71328666666501,-143.13107924917108,20.836015056797585,-144.8505859375,28.062145233154297
-144.35658793088163,32.033335169636565,-141.76699928742428,21.159020628586944,-143.4881591796875,28.3865909576416
-142.99362012359398,32.35340982124763,-140.40308017791108,21.48220047735133,-142.12571716308594,28.711252212524414
-141.6306761167287,32.673575101689174,-139.0391351372287,21.805559534707157,-140.7633056640625,29.0361270904541
-140.26774148703632,32.99350798481506,-137.67537221656812,22.129046739834333,-139.40103149414062,29.36117935180664
-138.90485431787513,33.31354997036213,-136.31164397861627,22.452481867305348,-138.03883361816406,29.686420440673828
-137.54173694920453,33.63370318090685,-134.94808363140453,22.77596571232397,-136.6765594482422,30.0118350982666
-136.17866389762546,33.953979504748794,-133.58437314491675,23.09949033892587,-135.3142852783203,30.337427139282227
-134.81559642397866,34.27429349511735,-132.22102030552185,23.42307378436945,-133.9521484375,30.66312026977539
-133.45253602614517,34.59476304646226,-130.85774617115024,23.74670431760822,-132.5900421142578,30.988927841186523
-132.0893349435268,34.91546001133041,-129.49454138379974,24.07027013053287,-131.2278594970703,31.31484031677246
-130.72603357381539,35.236243359661316,-128.13142465890795,24.39399888866517,-129.86563110351562,31.64082908630371
-129.36292827062275,35.556891254752706,-126.7684551026251,24.717870893231574,-128.50360107421875,31.96685028076172
-127.99983556006056,35.87741055264229,-125.40539945517357,25.041965494033978,-127.1415786743164,32.292972564697266
-126.63654375512938,36.19766061866122,-124.04259887233121,25.36616756994467,-125.77955627441406,32.6191520690918
-125.27324480098592,36.517967947353824,-122.67980428472762,25.69061230816878,-124.41751861572266,32.945396423339844
-123.91011010861533,36.837953483239914,-121.31667614958438,26.015220583225446,-123.05554962158203,33.27176284790039
-122.54699138158675,37.15785492224604,-119.95343155078011,26.339836438063923,-121.693603515625,33.59828186035156
-121.1837689495483,37.47792753471506,-118.59006258459495,26.66463959356267,-120.33155059814453,33.92498779296875
-119.82063313763396,37.798041992702984,-117.22679037537658,26.98957670281388,-118.9696044921875,34.2518310546875
-118.45756033126604,38.118104239243856,-115.86337184542217,27.31442251248539,-117.60771179199219,34.57884979248047
-117.09443614274039,38.43835179576659,-114.50042629180125,27.63947596024837,-116.24591827392578,34.905967712402344
-115.73137059648144,38.758756918601016,-113.137283901081,27.964344597302276,-114.88412475585938,35.23323059082031
-114.36814863321223,39.07918302137996,-111.77443692876392,28.28934958482902,-113.52233123779297,35.560585021972656
-113.0051374773595,39.399490654292244,-110.41137472022207,28.614564199834785,-112.16064453125,35.88806915283203
-111.64210932546509,39.719999108049954,-109.0484111439752,28.939857046459853,-110.7989730834961,36.2156867980957
-110.27903612045549,40.040413694002275,-107.68511338176016,29.265388368310408,-109.43721008300781,36.54351043701172
-108.91612191116724,40.36070906257757,-106.32184475548185,29.591053879602136,-108.07561492919922,36.87150192260742
-107.55312016735874,40.6811948389652,-104.95855405667172,29.91705808305273,-106.71395111083984,37.19971466064453
-106.19002472988947,41.00153841015012,-103.59532671186894,30.242653612443117,-105.35234069824219,37.52809143066406
-104.82706025297476,41.321705270770074,-102.23224700818544,30.569173728277512,-103.9908676147461,37.85664367675781
-103.46415933820956,41.64195618625455,-100.86912036457991,30.895072686879978,-102.62950134277344,38.18537139892578
-102.10124554490768,41.962304452941474,-99.50625197904057,31.22170373498196,-101.26818084716797,38.51427459716797
-100.73824806359202,42.28240570804734,-98.14323940553022,31.54828066602301,-99.90685272216797,38.843379974365234
-99.37510919042148,42.60266615355325,-96.78030772261002,31.87500984539827,-98.54546356201172,39.172672271728516
-98.01194977075116,42.92292358936422,-95.417187104579,32.20195796274852,-97.18403625488281,39.502174377441406
-96.64873616190017,43.24312749244374,-94.05477601584103,32.52889597806294,-95.82282257080078,39.831729888916016
-95.28563762625252,43.56335346274892,-92.6920853513734,32.856072154109064,-94.46161651611328,40.16144561767578
-93.9223595015069,43.88359354039928,-91.32974636149922,33.18340811175424,-93.10041046142578,40.49126052856445
-92.55919009166712,44.20391810028863,-89.96720741605223,33.510843318119235,-91.73922729492188,40.82120895385742
-91.19600783827535,44.52426162082158,-88.6047745081842,33.83834407836925,-90.37808990478516,41.15127182006836
-89.83286064222906,44.8445866155277,-87.24246041363855,34.16603571305724,-89.01702880859375,41.48143768310547
-88.46979360195026,45.16496779007549,-85.8801557350123,34.493733551926674,-87.65604400634766,41.81171417236328
-87.10656565644982,45.48541586947141,-84.51781348780804,34.8215513708658,-86.29495239257812,42.14213180541992
-85.74344122418442,45.805814116612964,-83.1556166167604,35.14936642979293,-84.93400573730469,42.472625732421875
-84.38021526518236,46.126298229392894,-81.79334724196663,35.47731189565902,-83.5729751586914,42.80324935913086
-83.01696798588326,46.44672099171701,-80.43117064436211,35.805387208701276,-82.21198272705078,43.13396453857422
-81.65358430675369,46.76719919705731,-79.06957235910656,36.133440991054435,-80.85106658935547,43.46466827392578
-80.29005823704313,47.08764256176583,-77.70800524650288,36.461535773995394,-79.49006652832031,43.795379638671875
-78.92664486803486,47.407971569992576,-76.34636119999143,36.78993031659463,-78.12911987304688,44.126102447509766
-77.56317601365541,47.728290611376835,-74.98504700772584,37.11824554519125,-76.76823425292969,44.456783294677734
-76.19959110960907,48.04863416693481,-73.62390969627133,37.44659312689449,-75.40730285644531,44.787410736083984
-74.83595980763054,48.36907522501041,-72.2625178382759,37.77506106920441,-74.04623413085938,45.11803436279297
-73.47239599174665,48.689468916389856,-70.90126295786304,38.10359898047317,-72.68524169921875,45.4485969543457
-72.10898444429388,49.00997931231164,-69.54008360593423,38.43218023698291,-71.3243408203125,45.77910232543945
-70.74543354309485,49.33057497005195,-68.17857074417114,38.76078792062583,-69.9632339477539,46.10964584350586
-69.38203045714106,49.6510234774598,-66.81720750017148,39.089663881978225,-68.6022720336914,46.440155029296875
-68.01878322168399,49.97151232949542,-65.4557179949934,39.41853216166466,-67.24137878417969,46.77068328857422
-66.65544982602894,50.29197613310001,-64.09427672528675,39.747464449614135,-65.88044738769531,47.10124206542969
-65.29202058285398,50.61233234322184,-62.732704151093195,40.07651710395849,-64.5194320678711,47.431854248046875
-63.928569049520064,50.932645588097095,-61.370829363431575,40.405616644071905,-63.1583366394043,47.76255798339844
-62.5653374603728,51.25290463176694,-60.00913874755397,40.73477743532229,-61.797462463378906,48.09328842163086
-61.202093086494486,51.573257235106524,-58.647412810619606,41.06401865183626,-60.43656921386719,48.42410659790039
-59.838899774804595,51.893509452389985,-57.28564509377382,41.393270180707425,-59.07573699951172,48.755008697509766
-58.475772256690135,52.21373804930716,-55.92365525548338,41.72261970455625,-57.71491622924805,49.0860481262207
-57.1125917040373,52.53381329080151,-54.56176070343491,42.05204906121214,-56.3541374206543,49.417205810546875
-55.74953147683487,52.85384626714091,-53.19940517346136,42.38152133980429,-54.99336242675781,49.74856948852539
-54.38640132347025,53.173939213199176,-51.836890763731205,42.7110794185763,-53.63253402709961,50.08016586303711
-53.023467118560205,53.493984649863656,-50.474383339940154,43.04065448313209,-52.27190399169922,50.41196060180664
-51.66047561436675,53.814144585036246,-49.111479089623614,43.37025642340576,-50.91117477416992,50.74406814575195
-50.29768084820535,54.13437101164848,-47.74874956535048,43.69996699997453,-49.55067825317383,51.076412200927734
-48.93479761701912,54.45473943037625,-46.38580679960194,44.029645836902546,-48.19011688232422,51.40907669067383
-47.57216620430626,54.775110861922194,-45.02230769254816,44.359379700820135,-46.82966613769531,51.74212646484375
-46.20970842671298,55.09565349307238,-43.65885108002792,44.68901121327271,-45.469425201416016,52.07554626464844
-44.84734037899317,55.4164547367428,-42.29544892221389,45.0184805885246,-44.10932922363281,52.40934371948242
-43.48477224453559,55.737385983077004,-40.93239774344463,45.347709053299056,-42.749271392822266,52.74346160888672
-42.12194882866111,56.05817070959951,-39.56976987870249,45.67672195220621,-41.38925552368164,53.07780838012695
-40.75884664029693,56.379061169093376,-38.20716130899604,46.005704462255764,-40.029090881347656,53.41238784790039
-39.39573481547615,56.69969201673732,-36.84467434230777,46.3347115103185,-38.66904067993164,53.747127532958984
-38.03246593426826,57.020220519599945,-35.48306138856302,46.66360046700081,-37.30915832519531,54.081878662109375
-36.66914002341703,57.34020405504306,-34.121154929320355,46.99259395446048,-35.94926834106445,54.4167366027832
-35.305980883104134,57.66001746356337,-32.75844223783437,47.32211602248671,-34.589332580566406,54.751861572265625
-33.9429748426907,57.979475980039176,-31.395910502487506,47.65161137489638,-33.22967529296875,55.087181091308594
-32.580205956338254,58.2988932496775,-30.032699677887745,47.98137847495915,-31.870086669921875,55.42287826538086
-31.217577194372957,58.618341141040865,-28.66873011840627,48.31120670792312,-30.510513305664062,55.75908660888672
-29.855168109972993,58.938002827377446,-27.304449157630508,48.641176581613635,-29.15110969543457,56.0958366394043
-28.492532551957492,59.257927524411805,-25.940167080760197,48.97088811614018,-27.79166030883789,56.433135986328125
-27.129902320552997,59.57808257035792,-24.576303825438117,49.30033177193252,-26.43242073059082,56.770851135253906
-25.767157931653518,59.89842470675047,-23.212900763360544,49.62958861262208,-25.073299407958984,57.108917236328125
-24.404361127365643,60.21896975488098,-21.849741500751698,49.95870288638312,-23.714263916015625,57.44729232788086
-23.041532920984967,60.53951967711081,-20.48662729395997,50.28762270786293,-22.355310440063477,57.78596115112305
-21.678698433812432,60.86021942188226,-19.12358420381937,50.61644086234213,-20.996427536010742,58.124908447265625
-20.31577270639749,61.18105834168281,-17.7605818744723,50.9451519078642,-19.637544631958008,58.46412658691406
-18.952648834915337,61.501698635790554,-16.39787174013335,51.27377543296549,-18.2786922454834,58.80354690551758
-17.589558988524377,61.82242826424888,-15.035489728314731,51.602291899107726,-16.919979095458984,59.143096923828125
-16.2262882446911,62.143103056639724,-13.673089609940556,51.93077440886999,-15.561184883117676,59.482810974121094
-14.863100999291328,62.463834369397894,-12.31086273739472,52.25917903215041,-14.202519416809082,59.8226203918457
-13.499881181659756,62.78454394219534,-10.948322302918784,52.587505490791564,-12.843805313110352,60.16260528564453
-12.136647041858868,63.10516483601862,-9.585820342493452,52.91590469314164,-11.485143661499023,60.50273895263672
-10.773399637179942,63.42559739141478,-8.223344910866777,53.244139398876726,-10.12656307220459,60.84300994873047
-9.410150089912936,63.746095670185596,-6.86103441047902,53.57237990541191,-8.768043518066406,61.18339920043945
-8.046882444115294,64.06627509917308,-5.498266184499245,53.900611693748615,-7.409511566162109,61.52399444580078
-6.683634180353144,64.38646930180677,-4.135650079080284,54.22882615503315,-6.0510759353637695,61.864749908447266
-5.320256940228585,64.70657450081053,-2.7725803501368116,54.55691085862705,-4.692525386810303,62.20576095581055
-3.9570109902336315,65.02654079206579,-1.4097300753577389,54.884933351884385,-3.3342044353485107,62.546932220458984
-2.5938077296233972,65.34649184481252,-0.04670443135516589,55.21285627173808,-1.9759459495544434,62.88833236694336
-1.2305709693089484,65.66658356358374,1.3163095273326917,55.54050069991538,-0.6177165508270264,63.229949951171875
0.13264529902938293,65.98700797600438,2.6790893789993495,55.86808160402009,0.7404525279998779,63.57173538208008
1.4959038270085887,66.30762053383941,4.041746393198386,56.19539179090971,2.0986039638519287,63.91366195678711
2.8593084882776436,66.6283595110244,5.403876763159143,56.52252656179138,3.456742763519287,64.25563049316406
4.222897259847027,66.94922927914165,6.765820763425234,56.849466999386614,4.81498908996582,64.59761047363281
5.586234650676637,67.27039745575584,8.127579056388425,57.17634203761871,6.173069000244141,64.93952941894531
6.949785312253419,67.59144622573291,9.489783396916495,57.503289040157654,7.531377792358398,65.28152465820312
8.313367196916042,67.91214035854571,10.851401833011959,57.83006777937704,8.88952350616455,65.62342071533203
9.677085200256503,68.23262173415655,12.21311923151272,58.156875444265665,10.247766494750977,65.96528625488281
11.040874836786308,68.55287837343016,13.574538421942611,58.48345481214105,11.605972290039062,66.30703735351562
12.404689420385708,68.87299588730455,14.935900744784064,58.80991312959191,12.96418285369873,66.64867401123047
13.768650737051262,69.1930663385044,16.29684711142162,59.13618445708789,14.322446823120117,66.99012756347656
15.132701415350596,69.51309279061637,17.657642410255878,59.46211878226131,15.680782318115234,67.33135986328125
16.49677935080531,69.83326554347201,19.018046401204074,59.787875124077416,17.039155960083008,67.67229461669922
17.861013173531404,70.15361414833937,20.378288057831433,60.11327057913104,18.397722244262695,68.01290893554688
19.2250749002842,70.47412349426112,21.738390459817865,60.43857197290151,19.756256103515625,68.35314178466797
20.589183966362995,70.79494447674088,23.098474249037352,60.76357102622092,21.11496925354004,68.6930160522461
21.953293989286742,71.11582435256425,24.45872562183501,61.08848196678385,22.47382354736328,69.03253936767578
23.31724999402488,71.43684329832313,25.81902170603008,61.41326706550867,23.832687377929688,69.37169647216797
24.68113914341668,71.75782676869176,27.179505065641724,61.73796575003828,25.191614151000977,69.71053314208984
26.04510132244824,72.07899418964908,28.53988659819909,62.062432432097076,26.550695419311523,70.04903411865234
27.409014988678404,72.40019824944909,29.900007881423495,62.38676095025897,27.9097957611084,70.38713073730469
28.772879757258888,72.72137400788839,31.260244224166378,62.71092047476282,29.26896858215332,70.724853515625
30.136848058542984,73.04287742446046,32.62065116977582,63.03504309899583,30.6284122467041,71.06224822998047
31.50080700906574,73.36393585227844,33.980851458865125,63.35902731873147,31.987825393676758,71.39922332763672
32.864718636247694,73.68469756636064,35.341107998036215,63.68288723124666,33.347251892089844,71.73580932617188
34.228778773684496,74.00507792467664,36.7016296101007,64.00670940329707,34.70685958862305,72.07207489013672
35.59311978942817,74.32525165906341,38.06104680862689,64.33001823775933,36.066558837890625,72.40779876708984
36.95765626097499,74.64522392065446,39.419676598195686,64.65297904829133,37.426387786865234,72.74285125732422
38.322242983508566,74.96532320995603,40.77798375807064,64.97561228133623,38.786399841308594,73.07717895507812
39.68684113642036,75.28567356569931,42.13615323864018,65.29775628511294,40.14662551879883,73.4107437133789
41.05145133615199,75.60624329383488,43.49483031573299,65.61998938492056,41.50718307495117,73.74363708496094
42.41575523882002,75.92687958323236,44.85395049795879,65.942048112629,42.86775207519531,74.07587432861328
43.78004570494236,76.24741495109276,46.213439039677134,66.2639700172268,44.22850036621094,74.40754699707031
45.14419563157846,76.56797279751191,47.57325922219906,66.58600725133485,45.58934020996094,74.73870086669922
46.50838027441271,76.88858226693083,48.93270446589209,66.90763263245937,46.95028305053711,75.06926727294922
47.872677374048585,77.20921439930649,50.29209701956759,67.2290454301147,48.31145477294922,75.39924621582031
49.2368930596171,77.52969966841489,51.65169167245976,67.55041506160018,49.67271423339844,75.72864532470703
50.60139600357391,77.85026238253818,53.01058287248168,67.87133041011514,51.03425216674805,76.05735778808594
51.96586615805314,78.17087616343488,54.36923801139668,68.19197670521888,52.395912170410156,76.38530731201172
53.33058582393465,78.49147373463904,55.727131381129944,68.51206326518721,53.757835388183594,76.71237182617188
54.69524413736281,78.81222533245612,57.083967502653586,68.83176050358736,55.11980438232422,77.03834533691406
56.06006119191812,79.1331102166231,58.440623743994124,69.15107071653031,56.482147216796875,77.36324310302734
57.4249913022843,79.45412452657496,59.796803489835845,69.47015357277265,57.84480285644531,77.68695831298828
58.78981572222557,79.7752952698785,61.15315065177837,69.78916123765339,59.20771026611328,78.00950622558594
60.15431712917127,80.09652628376345,62.51088711783703,70.1083010445232,60.570838928222656,78.33111572265625
61.51851971912715,80.41765849441715,63.869805929222416,70.42765524991285,61.93409729003906,78.6519775390625
62.88249890275927,80.73865658269915,65.22980780957887,70.74710603000713,63.2974739074707,78.97227478027344
64.2467553861403,81.05936440973696,66.59064371123289,71.06668799255337,64.66127014160156,79.29216766357422
65.61060264832278,81.38016646137933,67.95175823883554,71.38627815675297,66.02490234375,79.61161041259766
66.97436582356112,81.70079906113807,69.3135191440397,71.70601120779388,67.38861846923828,79.93077087402344
68.33805692233724,82.02097674086188,70.67585033417116,72.0259704934531,68.7523422241211,80.24974060058594
69.70173036237111,82.34076025620536,72.03852789782506,72.34613092356305,70.11607360839844,80.56858825683594
71.06566656880211,82.66053402459688,73.3999673377768,72.66609249266706,71.47986602783203,80.88711547851562
72.4296957821176,82.98010084271863,74.76134006719849,72.98601386558434,72.84375762939453,81.20531463623047
73.79365562182346,83.29997259768497,76.12271227469991,73.3058749501813,74.20772552490234,81.52317810058594
75.15761019498922,83.61990131621309,77.4843224555408,73.6256704589961,75.57180786132812,81.84074401855469
76.52149396799084,83.93990852060791,78.84702961053657,73.94554909470182,76.93607330322266,82.15818786621094
77.88505349928921,84.26000193417535,80.20999143548111,74.26541287972863,78.30016326904297,82.47550201416016
79.24870814618872,84.58003949664896,81.57290463243595,74.58519525972768,79.6643295288086,82.792724609375
80.61237827694916,84.9000348122038,82.93590378485692,74.90491193724343,81.02853393554688,83.10985565185547
81.97588816971165,85.22008125015321,84.29933047165717,75.22463392062778,82.3927001953125,83.42695617675781
83.33928078640841,85.540146874835,85.66331988326915,75.54435252681255,83.7568588256836,83.74412536621094
84.70250806707438,85.8605799357736,87.02768807802899,75.8639496390853,85.12098693847656,84.06141662597656
86.06561070704237,86.18115115860489,88.39210028126864,76.18346427711232,86.48501586914062,84.37882995605469
87.42893248913815,86.50203166213824,89.75645308013836,76.50284170496806,87.84923553466797,84.69638061523438
88.79220273845635,86.82287433633249,91.12051678159582,76.82207585324106,89.21334075927734,85.01396179199219
90.15551494080783,87.1434747644132,92.48457177489028,77.14115132380813,90.5774154663086,85.33158874511719
91.51878719304607,87.4638171934016,93.84860611822654,77.46033413840938,91.94139862060547,85.64926147460938
92.8822712968395,87.7840757234645,95.21231359761795,77.77944260529013,93.30547332763672,85.96694946289062
94.24567641188229,88.10421455654817,96.57638167582277,78.09864074020147,94.66951751708984,86.2846908569336
95.60895488979963,88.42444563691195,97.94056277401434,78.41777522409616,96.03347778320312,86.60250091552734
96.97224830224026,88.74490063731638,99.30452017039735,78.73682210595638,97.3974380493164,86.92035675048828
98.3355974627359,89.06571576337346,100.66819300062417,79.05561613432437,98.7614517211914,87.23820495605469
99.69910862569722,89.38669561043709,102.03177445076997,79.37463788336414,100.12562561035156,87.55603790283203
101.06235431824916,89.70754333177675,103.39531083321353,79.69357017500855,101.48956298828125,87.87379455566406
102.42575779873886,90.02827719180424,104.75867340402685,80.01223608965238,102.85357666015625,88.19149780273438
103.7894067836587,90.3487229378584,106.12185159021128,80.33104869747952,104.21772766113281,88.50911712646484
105.15296177186055,90.66885934379162,107.48482538779844,80.64987626931995,105.58174133300781,88.82658386230469
106.51665467846419,90.98905945015204,108.84741462847495,80.96842258617596,106.94583892822266,89.14386749267578
107.88031026077542,91.30913954031284,110.21016101200837,81.28699771983409,108.30995178222656,89.46098327636719
109.24407146694764,91.62914112493878,111.57280005061237,81.60579283412949,109.67416381835938,89.7779312133789
110.6080177560208,91.94904069695086,112.93557621175643,81.92413134229729,111.0385513305664,90.09471130371094
111.9717946653851,92.2687477852796,114.29878424571909,82.24300293676646,112.40289306640625,90.411376953125
113.33541531278611,92.58837363728041,115.66195409064369,82.56147319788839,113.76709747314453,90.72791290283203
114.69912942930719,92.90796443307846,117.0251457861589,82.880355393028,115.13140869140625,91.04438018798828
116.06284131589936,93.22753706130689,118.38851980312877,83.19935587854344,116.49576568603516,91.36079406738281
117.42654063551444,93.54725990885466,119.75196340867332,83.51802246058939,117.86015319824219,91.6771469116211
118.78996105757217,93.86743079558642,121.11577957605215,83.8367494636198,119.22447204589844,91.99349212646484
120.15314147150349,94.18793891049663,122.47988869479605,84.15537743252726,120.58869934082031,92.30988311767578
121.51616417677708,94.5088705761631,123.84431300320247,84.47400757379779,121.95291137695312,92.62638854980469
122.87934800587907,94.829941927698,125.20909661670626,84.79264247291303,123.31730651855469,92.94307708740234
124.2423159715593,95.15122182380824,126.57393003575659,85.1111768962614,124.6815414428711,93.25989532470703
125.60532953235317,95.47241402394101,127.93875035528538,85.4297801209076,126.04576110839844,93.57687377929688
126.96837381599559,95.79288577019942,129.3033767203239,85.74854743413236,127.4098129272461,93.89397430419922
128.33137557398527,96.11371290568083,130.66818076954405,86.06706889762162,128.7738800048828,94.21125030517578
129.69431694965434,96.4341390555949,132.03355940644002,86.38573816878431,130.13787841796875,94.5287857055664
131.05719085744954,96.75485472624881,133.39958075627032,86.70466981551279,131.50192260742188,94.8467025756836
132.41984303957412,97.07548147517169,134.76575352322126,87.0238125853414,132.86572265625,95.16499328613281
133.7828079493837,97.39624183616537,136.13192916285635,87.3425901400408,134.2296905517578,95.48369598388672
135.14564998102387,97.71705562644908,137.49740850157167,87.66136532958639,135.5933837890625,95.80262756347656
136.50888133489246,98.0372952375252,138.86219354387507,87.9800293891856,136.9571075439453,96.1217269897461
137.87198131906644,98.35745351168104,140.22757983313923,88.2988036189881,138.32077026367188,96.44107818603516
139.23511194419677,98.67694448763817,141.59325355184447,88.61783663797416,139.684326171875,96.76073455810547
140.5981799694967,98.99656262878902,142.95905591517786,88.9365516129433,141.04779052734375,97.0807113647461
141.96116983321997,99.31587500269451,144.32542567459058,89.25581073970126,142.41116333007812,97.401123046875
143.3237807148328,99.63558183905917,145.69284247977745,89.57523346856814,143.7743682861328,97.72213745117188
144.68628066976305,99.9557240397974,147.06050098035362,89.89445864295836,145.137451171875,98.04379272460938
146.04875768268604,100.27657137571342,148.42887093384746,90.21387539569608,146.5006103515625,98.36621856689453
147.41134749393635,100.59606393907076,149.79654581807264,90.53323914120412,147.8633270263672,98.68922424316406
148.7736267107482,100.91756553488167,151.16352088457737,90.85234976661327,149.2259063720703,99.01275634765625
150.13653470369536,101.23774190001093,152.52972780379017,91.1712138398934,150.58848571777344,99.3366928100586
151.49976784992535,101.55752076489124,153.8953469098291,91.48996687208539,151.95106506347656,99.66091918945312
152.8628298275145,101.87686688241027,155.26110006466354,91.80892448001684,153.31338500976562,99.98543548583984
154.22581868821064,102.19665396057957,156.62710419967897,92.12800206606775,154.67568969726562,100.31033325195312
155.5890343976523,102.51612443736244,157.99297516847108,92.4467429356289,156.03799438476562,100.63556671142578
156.9523467235312,102.83587759637385,159.35886432783033,92.76564500048215,157.40036010742188,100.96113586425781
158.31554447557193,103.15569172443676,160.72407671290074,93.08437604008078,158.76246643066406,101.28688049316406
159.67866260360242,103.47567871592936,162.0894721696524,93.40307723710605,160.12451171875,101.61287689208984
161.04184211309536,103.79598178492793,163.45468234141202,93.7216204892425,161.486572265625,101.93909454345703
162.40454829027726,104.1183802965556,164.8196622608415,94.04016276441128,162.84857177734375,102.2654800415039
163.76749105916198,104.43947897439206,166.18450499220768,94.35871411763398,164.21044921875,102.59201049804688
165.13033226208313,104.76148528818686,167.54918421443,94.67730516978956,165.57235717773438,102.91868591308594
166.49298611336297,105.08402971802246,168.91388454211454,94.99588853125239,166.93418884277344,103.24549102783203
167.85611220119884,105.40537674878735,170.27816587240522,95.31420252310753,168.2960662841797,103.5723648071289
169.21941852691523,105.72590530900487,171.64268656493724,95.63321443333449,169.65797424316406,103.89936065673828
170.582535142375,106.04674895181974,173.0069554687906,95.95227439687744,171.0197296142578,104.2264175415039
171.94595010282958,106.36678059801838,174.3712765724095,96.27114212144045,172.3815460205078,104.55357360839844
173.30947343547385,106.6861417764235,175.7352732052818,96.59003146687076,173.74325561523438,104.88075256347656
174.6731747482703,107.0050079985134,177.09925944756174,96.90925574151595,175.10501098632812,105.20799255371094
176.03675119674466,107.32406638564808,178.4631722705077,97.22829933678622,176.4666748046875,105.5352554321289
177.40048264005532,107.64288580880219,179.82748280548336,97.54733433997028,177.82846069335938,105.86263275146484
178.76404421046098,107.96225816300958,181.19155821973715,97.86654664740635,179.19017028808594,106.19005584716797
180.12748402066066,108.28131678559994,182.55636102610612,98.1853209042452,180.55178833007812,106.51763153076172
181.49076642761054,108.60112598206062,183.92175579426456,98.50471926729331,181.91348266601562,106.84549713134766
182.85393200096144,108.92063245039584,185.28798818806908,98.82367267688514,183.27505493164062,107.1737289428711
184.21662002666704,109.24144017808071,186.65466249445655,99.14316131168114,184.636474609375,107.5024185180664
185.5791313485163,109.5627934835912,188.02120935459445,99.46228910590881,185.99771118164062,107.83153533935547
186.94161072118328,109.8842216728647,189.38789834924324,99.78138617732857,187.3588409423828,108.16111755371094
188.3043184976646,110.20565722236793,190.7535304566184,100.10020086254832,188.7198944091797,108.4909896850586
189.66747381744105,110.52595335287634,192.11877823954595,100.41899656507316,190.08096313476562,108.82109832763672
191.03012092803834,110.84804584945246,193.48399390226692,100.73771512098861,191.44190979003906,109.15141296386719
192.3934201119852,111.16854581195369,194.84913496803702,101.05649868559809,192.80300903320312,109.4819564819336
193.75643720896664,111.48908971422617,196.21425573218303,101.37567792246978,194.16384887695312,109.81267547607422
195.11959993829515,111.80958884201046,197.57979880728348,101.69492131532395,195.52479553222656,110.1436996459961
196.4826214964771,112.12999814934146,198.94534025809406,102.01378768826608,196.88552856445312,110.47496032714844
197.84531818993003,112.45152714847471,200.3112977319243,102.33321583950689,198.2462158203125,110.80657958984375
199.20835952553946,112.77154340259749,201.67726906634306,102.65271379123354,199.60679626464844,111.1385498046875
200.5710419037378,113.09342911087664,203.04365122169386,102.97200233038572,200.9674072265625,111.47093963623047
201.93396069896488,113.41456875864094,204.40917051760124,103.2915334053326,202.32786560058594,111.8035888671875
203.29789180446295,113.7353665937011,205.77438230271846,103.61103260688245,203.68898010253906,112.13652801513672
204.66116810121235,114.05533671633452,207.13782924236358,103.93003126257338,205.04913330078125,112.46922302246094
206.0228370206093,114.3744808920967,208.49919427003232,104.24838527073649,206.40753173828125,112.80142211914062
207.38815896068814,114.69460085026394,209.86333509157035,104.56871530928248,207.76954650878906,113.13435363769531
208.75304282863723,115.0136365616985,211.22649895436533,104.8863043599187,209.13082885742188,113.46682739257812
210.11657004952028,115.33265448778229,212.58723763558885,105.20581469570558,210.49082946777344,113.79862976074219
211.4804295239537,115.65281253454684,213.94820066441005,105.52433599535495,211.85142517089844,114.13013458251953
212.8446785829471,115.97206316888946,215.30920522824394,105.84191246568135,213.21224975585938,114.4612045288086
214.20859374301963,116.2929050441857,216.66903534636677,106.160411842093,214.57313537597656,114.79166412353516
215.5729057538725,116.61405899985613,218.0277261765023,106.47789800920194,215.93441772460938,115.12134552001953
216.93717994317217,116.93480380775665,219.38658503604177,106.79510203831809,217.29580688476562,115.45021057128906
218.3010316735031,117.25627188143635,220.7463073532669,107.1125103024413,218.65728759765625,115.77841186523438
219.6645230330348,117.57863257998649,222.1070332570682,107.43010893367445,220.0189208984375,116.10612487792969
221.0280646310912,117.89987556564931,223.46853104549027,107.74863186496148,221.38059997558594,116.43348693847656
222.391336130455,118.22177876330697,224.8308670847279,108.06639761990832,222.74234008789062,116.76060485839844
223.75482405441713,118.54276013031142,226.19382229270346,108.38478202655355,224.10421752929688,117.08760070800781
225.11827930566994,118.86373824574301,227.55699458388412,108.70375261481479,225.4661407470703,117.41450500488281
226.48188437203063,119.18386526639574,228.91999412696384,109.02247503304073,226.82801818847656,117.74127197265625
227.8456976293053,119.5040224162129,230.28345969337863,109.34119695047897,228.19015502929688,118.06800842285156
229.2093716579038,119.82346262093454,231.64674550880784,109.66051719500486,229.5520477294922,118.3946304321289
230.5729227990873,120.14334867511555,233.01009579971154,109.9795788487108,230.9139404296875,118.72119903564453
231.93607575704925,120.46432435287555,234.37403983828224,110.29914567383857,232.2758026123047,119.04782104492188
233.29963862400027,120.78464878254606,235.7387445935895,110.61799635599219,233.63792419433594,119.3746109008789
234.66253506566,121.10558304618338,237.10244473822158,110.93814382271745,234.99951171875,119.70135498046875
236.02495097693048,121.42605096387544,238.4654018011092,111.2569928040927,236.3604736328125,120.02796936035156
237.3902136174607,121.7453842967337,239.83097073730747,111.577478488221,237.72390747070312,120.35525512695312
238.7538714475321,122.06472736158746,241.19485995160684,111.89667616317557,239.0857696533203,120.68218994140625
240.11704728681482,122.38399220082493,242.5581905455586,112.21705357609034,240.44717407226562,121.00907135009766
241.48055228639421,122.70329586538625,243.92203233276146,112.53730672282673,241.80889892578125,121.33610534667969
242.8439908920365,123.02351560902599,245.28563544799474,112.85698338519448,243.1707000732422,121.66316223144531
244.20766771871536,123.34325173350675,246.64896719153074,113.1766382327734,244.53257751464844,121.99018859863281
245.5711276147045,123.66351095532224,248.01165632136616,113.49651159029415,245.8943328857422,122.31707000732422
246.93471178802628,123.98402492434055,249.37379817117125,113.81655133810744,247.2562255859375,122.6437759399414
248.2982564943181,124.30532054662936,250.7355862775728,114.13570928205243,248.6182403564453,122.97020721435547
249.6617047557673,124.62684209339322,252.09691836502645,114.4545245810516,249.98023986816406,123.2962646484375
251.02543792895742,124.9481100941094,253.45821912816368,114.77402949246354,251.342529296875,123.62200927734375
252.38926881655664,125.26789785241664,254.81979344282064,115.09272603140674,252.70469665527344,123.9473876953125
253.75282901586928,125.5894382700454,256.1812886876022,115.41285130126383,254.0670928955078,124.27249908447266
255.11653841987095,125.90996972771516,257.54284210587366,115.73081543890198,255.429443359375,124.59722900390625
256.48034095443273,126.22979547869679,258.9039396783854,116.05039580943223,256.79180908203125,124.92159271240234
257.8447491884801,126.55079414180743,260.26519942677754,116.36986079484443,258.155029296875,125.24568939208984
259.2073465108784,126.87086340578327,261.6252960381236,116.68776472651744,259.5164794921875,125.56896209716797
260.57040816942236,127.19124607123986,262.9850189891729,117.00704904005649,260.87847900390625,125.89188385009766
261.93558459575974,127.51277379483493,264.3471438921854,117.32679934814534,262.24285888671875,126.21490478515625
263.29991232100326,127.83323283645419,265.7083490735904,117.64682329112459,263.6063232421875,126.53727722167969
264.6629856403224,128.15373069304775,267.06854953853934,117.96646680345651,264.9687194824219,126.8589859008789
266.0268900760769,128.47403758076152,268.4295652080265,118.28536298951538,266.3319396972656,127.18045806884766
267.3906793565805,128.7943246402277,269.7896325986915,118.60568755176688,267.6950988769531,127.50141906738281
268.75448647812897,129.1143717251081,271.15039275945287,118.92370002855759,269.058349609375,127.82192993164062
270.1184935703652,129.43436935632872,272.51029337576784,119.24430322630245,270.4218444824219,128.1419677734375
271.48240403720763,129.7547570717014,273.8705818195605,119.56366282579614,271.78546142578125,128.46151733398438
272.8460983355458,130.07567296935778,275.23090821214686,119.88266091464041,273.14910888671875,128.7805633544922
274.20983401957767,130.3968811171562,276.5915420895328,120.2021395155437,274.51300048828125,129.0991973876953
275.5735107073101,130.71787303547057,277.953336519048,120.52197612855119,275.87701416015625,129.41757202148438
276.9376798419854,131.03729463241842,279.3151052799368,120.84249661550604,277.2412109375,129.73570251464844
278.3002705456298,131.35775662801012,280.6755030422596,121.16240499278864,278.60418701171875,130.05323791503906
279.66473871702857,131.67784211629674,282.03677959357503,121.48218182153757,279.9688415527344,130.3707275390625
281.02934154853926,131.9972574321402,283.3979069065422,121.80187055712487,281.33355712890625,130.68777465820312
282.3932785377707,132.3168724201547,284.75797651849274,122.1206377875459,282.6977233886719,131.004150390625
283.75728056280343,132.636433177987,286.1177466848109,122.43884543307556,284.06201171875,131.3199462890625
285.1218928255295,132.9560647176998,287.4763738621538,122.75658240455084,285.4268493652344,131.635009765625
286.48648234817216,133.2762379413317,288.83254070904445,123.07398074539111,286.7917175292969,131.94886779785156
287.8513097120231,133.59706537411432,290.18608106720336,123.39001315787857,288.1568908691406,132.26113891601562
289.2164097105631,133.9185007022948,291.5379267943506,123.70565125362674,289.5225830078125,132.5715789794922
290.5884655175848,134.24178682949434,292.89991481710257,124.02327363936656,290.89599609375,132.8822479248047
291.9924367552392,134.57190902032443,294.2318233400239,124.33490459654973,292.29510498046875,133.1883087158203
293.39065390192246,134.89580286593352,295.0390467979053,124.5449992238119,293.6287536621094,133.40069580078125
294.70970849952795,135.20863136487984,296.7029495365349,124.9155141537241,295.0080871582031,133.6678009033203
296.0502763036588,135.52473670167112,298.1702444290548,125.25365505509772,296.37530517578125,133.9499969482422
297.40603330723695,135.84434319029253,299.57820014178634,125.57961752894799,297.74554443359375,134.23995971679688
298.76913066958826,136.16539223775482,300.95178277751864,125.89908888766962,299.11651611328125,134.53143310546875
300.13677645143156,136.48713033970725,302.3035855507787,126.21298767422341,300.48822021484375,134.8207244873047
301.50856827898457,136.8091629523794,303.63869567682815,126.52388983949125,301.8614807128906,135.10513305664062
302.88382002041544,137.13118216188084,304.9621404761666,126.8307864231433,303.23663330078125,135.38259887695312
304.26254031405665,137.4540103623898,306.27513597701926,127.13581448182077,304.6141662597656,135.6512908935547
305.640075283814,137.77621612106165,307.57444377864533,127.43748450856587,305.989501953125,135.9086151123047
307.0215815996126,138.09836541487252,308.8647928759992,127.737329041757,307.3675231933594,136.1537628173828
308.40813768048866,138.42165800865757,310.1477703465296,128.03661638161063,308.749267578125,136.38522338867188
309.7999435868856,138.7448433943521,311.4228043286349,128.33435461857542,310.1341247558594,136.60110473632812
311.19702896247287,139.06875898507832,312.6895849907931,128.63177141059177,311.52154541015625,136.7995147705078
312.5998103206713,139.39328100582992,313.94776402746953,128.92848010167094,312.9108581542969,136.9784698486328
314.0115238006979,139.7211307468887,315.19584031562334,129.22470003399295,314.3032531738281,137.1355743408203
315.4339431316221,140.0516780083074,316.4357071251726,129.5150657899695,315.6985778808594,137.2682342529297
316.8693255682603,140.38281659733852,317.66469470007087,129.8165113400987,317.0958557128906,137.3734130859375
318.32063328021684,140.71259261083623,318.88263441238166,130.13556740092514,318.4941101074219,137.4477081298828
319.79228858248536,141.03416367487412,320.0908211376423,130.46301977236544,319.8924560546875,137.48719787597656
321.2945182909134,141.34866855240423,321.293369057825,130.79204324874817,321.2940979003906,137.48704528808594
322.84184156299307,141.6492094422249,322.4904498943153,131.11659533687933,322.701416015625,137.44009399414062
324.42552923174105,141.94139480709853,323.68337079443444,131.4280567957624,324.1007995605469,137.34130859375
325.9180926978502,142.24267281554035,325.0125253681718,131.70695493868445,325.486572265625,137.22219848632812
327.3575252059521,142.55307543670096,326.4240239564051,131.94002756466952,326.87786865234375,137.09982299804688
328.8072344359547,142.85710690658593,327.8341593639523,132.14507841043607,328.2727355957031,136.97311401367188
330.27214269501053,143.14522834039283,329.23473964989074,132.3356045476363,329.6669616699219,136.8393096923828
331.7518797499764,143.40675797118257,330.62869098985595,132.50976226891507,331.0601501464844,136.69570922851562
333.2461243736301,143.6281476004261,332.01768428575986,132.66270597841375,332.4520263671875,136.53977966308594
334.7547289030125,143.79797405428218,333.4021618988399,132.78671773383266,333.8421936035156,136.3690185546875
336.2790950165766,143.92966926741093,334.7826600189049,132.87666059612383,335.23004150390625,136.18112182617188
337.823064105585,144.04202909709022,336.1592168509539,132.9284109446337,336.6151428222656,135.9737548828125
339.3820129172024,144.09648630461078,337.52931580624085,132.92602299369418,337.9967956542969,135.74459838867188
340.9555586254659,144.0970966148054,338.89388937599244,132.87698248619012,339.3742980957031,135.49148559570312
342.5451845065228,144.0520801231626,340.2551066915096,132.79579513526457,340.7467346191406,135.21226501464844
344.13750737882907,143.90068774877534,341.61248251360524,132.68035989747267,342.1130676269531,134.90478515625
345.73639015668454,143.6782986560405,342.96502675896056,132.52598678394347,343.47222900390625,134.56703186035156
347.3454668473533,143.40392374006143,344.3106850642684,132.32660736929773,344.8230895996094,134.1969451904297
348.9538781651399,143.04759291584114,345.6479953406307,132.08047763897216,346.16412353515625,133.79270935058594
350.5657423273683,142.63290530431004,346.97354425322567,131.78096770053847,347.4937744140625,133.35256958007812
352.17767817284613,142.1578173172251,348.28185473988026,131.41906311938624,348.81005859375,132.8750457763672
353.78949567955885,141.627002298292,349.5704509303393,130.9956178785148,350.1113586425781,132.35862731933594
355.386487070602,141.01217525671365,350.8378370653785,130.51396686380468,351.39593505859375,131.8020477294922
356.97503438728717,140.34017802379742,352.08309792745007,129.97831475599642,352.66192626953125,131.20436096191406
358.5385220768625,139.5818465828184,353.3052324058344,129.39268140802187,353.9072265625,130.56475830078125
360.08292331079303,138.7639216775671,354.50370094413444,128.7597213280798,355.1300354003906,129.8828125
361.61196545389345,137.89748874481407,355.678481184572,128.08302968511975,356.3285217285156,129.1582489013672
363.1151329279143,136.95693486082956,356.8312941097996,127.36157041374864,357.50384521484375,128.3885498046875
364.5826226291607,135.9705187351732,357.9616537597217,126.59991809315217,358.65216064453125,127.57718658447266
366.00856276850664,134.95131101220073,359.0573703846982,125.80320399315548,359.76361083984375,126.73265075683594
367.3115024725516,133.92904800456253,360.1322558629687,124.96368357032246,360.851318359375,125.86164093017578
368.558243561516,132.87722450657344,361.1858184129713,124.08132643415533,361.92425537109375,124.96234130859375
369.7546115891719,131.79656639608015,362.21144811740356,123.16285066194263,362.9787292480469,124.04106140136719
370.8840830331251,130.6693806374893,363.207388094691,122.20885415260254,364.01593017578125,123.0999526977539
371.9611762700738,129.51006246021998,364.1716804788385,121.22018512261165,365.0367126464844,122.14078521728516
372.972081033541,128.3051151154291,365.10042902636235,120.19546546493834,366.041748046875,121.16524505615234
373.936033515266,127.07389505380439,365.98981972151154,119.13300439300544,367.03192138671875,120.17440795898438
374.862696638058,125.82328881243646,366.83295558458303,118.02918240025079,368.0075378417969,119.16929626464844
375.7398671261887,124.54365522249095,367.6296701934899,116.88556020614922,368.96942138671875,118.15062713623047
376.57970691775256,123.24546168035278,368.38347809475255,115.70853784586699,369.917724609375,117.11936950683594
377.3756938848131,121.92284988574622,369.0990822291436,114.50486116177478,370.8525085449219,116.07638549804688
378.1105896940068,120.56030469790244,369.7808445519972,113.28079900165058,371.7736511230469,115.02234649658203
378.8096635165009,119.1843199363064,370.4348661858552,112.04008180943946,372.6822509765625,113.95724487304688
379.484074307691,117.79841383373342,371.0659106689562,110.78916585390887,373.57830810546875,112.88107299804688
380.1408383743653,116.41258359563034,371.6719255495991,109.52575314658405,374.4618835449219,111.79451751708984
380.78857831536124,115.03012671654639,372.2429307433456,108.24392088186298,375.3328857421875,110.69769287109375
381.4279167295234,113.65226003650692,372.7782035315032,106.94389815900992,376.1912536621094,109.5909194946289
382.05600612892584,112.27603353281843,373.28430636948644,105.63223598242224,377.036865234375,108.47447204589844
382.65855894582427,110.88958717446016,373.76718110646107,104.31493861968232,377.8695373535156,107.348388671875
383.24704390243954,109.5024259382361,374.2345075734794,102.9976810509538,378.68914794921875,106.2127914428711
383.8235159745452,108.11529525723904,374.6933917997634,101.68615981447918,379.4955139160156,105.06765747070312
384.3929450376749,106.73097759464412,375.15190861869587,100.38631252685671,380.2883605957031,103.91287231445312
384.9574579681032,105.35079494267315,375.61442886969513,99.10153680025769,381.06707763671875,102.74864196777344
385.52269257685447,103.97834002291778,376.07453291876516,97.82692411827573,381.83123779296875,101.57494354248047
386.0851203895789,102.6108660792809,376.52616280271974,96.5585506002703,382.5803527832031,100.39179992675781
386.6430609380599,101.24644508724099,376.969883621143,95.29760438543427,383.3138732910156,99.19905090332031
387.19674359642744,99.88411479219856,377.4071167763215,94.04700694656059,384.0309143066406,97.99647521972656
387.7455513427293,98.5246242793954,377.8389474448545,92.8049647587723,384.73089599609375,96.78408813476562
388.2903534513663,97.16677667685377,378.26530542944806,91.57559209387504,385.41259765625,95.5617904663086
388.8310817155743,95.80911404076005,378.6882893641323,90.35747292233994,386.07568359375,94.32811737060547
389.3675030004391,94.45133040860523,379.10840403384617,89.15335828069462,386.718505859375,93.08334350585938
389.90127972158757,93.09436965360844,379.5260376891159,87.96465118874139,387.3393249511719,91.82769012451172
390.4358203309444,91.73895234908098,379.9395142285232,86.79124460292792,387.9364929199219,90.56082916259766
390.97089464570814,90.38771375733148,380.3488388822172,85.63770502415856,388.5066833496094,89.28575897216797
391.5052071423906,89.03180524284213,380.75526878688817,84.49875159632138,389.05029296875,87.99661254882812
392.03280284920896,87.6753133110034,381.16919199004303,83.34980114732856,389.56884765625,86.69425201416016
392.55515477848036,86.3208843740822,381.58873816616904,82.19584343581846,390.0620422363281,85.38309478759766
393.0574549715699,84.96047224824072,382.01192827622947,81.04005970192253,390.5303955078125,84.06353759765625
393.5423703269269,83.59471232681148,382.43698492006297,79.87849842415955,390.97479248046875,82.73551940917969
393.99983687663644,82.22013369485562,382.86402051769386,78.71293420914377,391.39544677734375,81.39988708496094
394.433251729848,80.8387037561983,383.2966249209353,77.54218729993158,391.79290771484375,80.05714416503906
394.84726412975016,79.45188758926858,383.7311574152182,76.36546995602096,392.16754150390625,78.70785522460938
395.2512934881848,78.06222307742084,384.1699615773455,75.18293434599303,392.51971435546875,77.35247039794922
395.6514000627374,76.67078041545597,384.6127505491928,73.99451914525768,392.84967041015625,75.99151611328125
396.0561002098207,75.27931659009604,385.05957236507794,72.79857537709813,393.1578369140625,74.62548828125
396.47051437137276,73.88757968497495,385.51240136051945,71.5957983843843,393.44451904296875,73.25472259521484
396.9020533362737,72.49579395011425,385.9875900276856,70.38997961676247,393.70977783203125,71.8798828125
397.35071993624734,71.10226869791721,386.46147033208973,69.17457973783274,393.9538879394531,70.50093841552734
397.8117384739454,69.7055264607122,386.9018868420813,67.94388005355356,394.1770935058594,69.1186294555664
398.2795524833717,68.30283627193917,387.3602434115798,66.70724063058475,394.37957763671875,67.73294830322266
398.7515672446317,66.89324260744353,387.8228819493797,65.46189006807317,394.5614318847656,66.34445190429688
399.2234576761913,65.47502533105398,388.28255048869454,64.20715444916199,394.7226257324219,64.95345306396484
399.69078588498365,64.0476360916191,388.7355568000991,62.94142904675919,394.8633117675781,63.5601806640625
400.14781870551843,62.61007240803032,389.1784854442176,61.66471171333385,394.9835510253906,62.16500473022461
400.58450206376193,61.16112709006516,389.58222078552825,60.3755052791535,395.0832824707031,60.768310546875
401.0105657330851,59.70154266196005,389.97375874759905,59.076157526673065,395.1625061035156,59.37017059326172
401.40857037506487,58.22992792587938,390.33366619283123,57.76680386002637,395.22100830078125,57.9711799621582
401.7396460442393,56.74680933506466,390.67148290580127,56.44776682320548,395.2588195800781,56.57170867919922
402.04444994725606,55.253550567411615,390.9969780965333,55.11990196363679,395.2757568359375,55.17166519165039
402.3541701506195,53.750942098338555,391.30187750523754,53.78322466675163,395.27166748046875,53.771629333496094
402.6696674537161,52.23706541435017,391.5787027447511,52.4379561706261,395.2463073730469,52.371524810791016
402.97106492009516,50.71107452437623,391.81863993142605,51.08530024609983,395.1993408203125,50.971858978271484
403.24716318687933,49.17337177210297,392.01259374738754,49.72656460368769,395.1304626464844,49.57304000854492
403.48278407986544,47.6248687475424,392.1516178779998,48.364046136106744,395.039306640625,48.1756706237793
403.6569153040127,46.06679185873003,392.225714372401,47.000221433823654,394.9253234863281,46.779781341552734
403.76176060161765,44.50447427464003,392.2372610474252,45.63684527579597,394.78839111328125,45.38617706298828
403.7875152034482,42.93932099138223,392.19433238741493,44.277594529413676,394.62799072265625,43.99666213989258
403.76005383778477,41.366662589404974,392.09727514745657,42.924114003275434,394.44293212890625,42.61087417602539
403.6788871084897,39.72541063758835,391.9504506897163,41.588450129600716,394.2231750488281,41.22743225097656
403.49402610740395,38.077716257840514,391.7524183258082,40.26233455081688,393.9669494628906,39.850303649902344
403.2427985101805,36.45146543124695,391.5039592887681,38.94143901474673,393.6764221191406,38.480628967285156
402.86042496846153,34.86703672965757,391.2066530986002,37.62651209128305,393.3537902832031,37.11809539794922
402.400617387844,33.31585836580118,390.8602509741157,36.320087156175305,393.0009765625,35.7628059387207
401.8535859501096,31.805202092722617,390.46484761577017,35.02441105798608,392.62005615234375,34.41520690917969
401.26529091876415,30.323250273375123,390.02189856915726,33.74126254533365,392.21270751953125,33.075252532958984
400.6184012255121,28.876737086792776,389.53511007458764,32.47133000897806,391.7806396484375,31.7430477142334
399.93844577841855,27.457808733944837,389.0065176859024,31.215662459470458,391.3253479003906,30.418563842773438
399.21188597157453,26.071673276827166,388.43844336017065,29.974751217751358,390.8482666015625,29.101703643798828
398.44293171424766,24.7180677168704,387.83156816897474,28.749878115218884,390.35089111328125,27.79265594482422
397.6243899821636,23.39920681496454,387.1863407849914,27.542198196429624,389.8343200683594,26.491182327270508
396.78018182334347,22.106647746514703,386.50048200156925,26.353503960394082,389.2996826171875,25.19706916809082
395.91801494638247,20.83620658926788,385.764652677451,25.188532991572576,388.74786376953125,23.909753799438477
395.04519514742714,19.585078960378787,384.9789820070971,24.049080253839556,388.18011474609375,22.629493713378906
394.16168066822775,18.35171338082052,384.15188748754963,22.93288241939609,387.5972900390625,21.356029510498047
393.2640348209002,17.136761718742125,383.2937976826852,21.836232120915415,387.00018310546875,20.0892276763916
392.3332162268897,15.949995972354284,382.4128004850646,20.755235819066147,386.38970947265625,18.82890510559082
391.38785665009857,14.782159100970958,381.5188894521686,19.685115162686884,385.76666259765625,17.574798583984375
390.431394357412,13.63089981344826,380.6203627925562,18.622027398170346,385.1318359375,16.326923370361328
389.4702075566419,12.492812926343827,379.72567176072545,17.56030253352958,384.48590087890625,15.084821701049805
388.5076302476562,11.363525146606152,378.8248252885549,16.504848347734676,383.82904052734375,13.847737312316895
387.5462536606825,10.24268009500833,377.9067799206126,15.46074241871428,383.1622009277344,12.615865707397461
386.57712524366093,9.134663190394763,376.97511457975156,14.425941145099165,382.48614501953125,11.389036178588867
385.5963916839314,8.040729132994695,376.033644395408,13.399115247961994,381.8014831542969,10.167166709899902
384.6090929563272,6.957889680379387,375.08618868193093,12.377036275527608,381.1087341308594,8.949819564819336
383.62146692635946,5.882120533409502,374.13507758157624,11.357979014834097,380.40850830078125,7.736746788024902
382.63805148448284,4.810153060541321,373.18476603779743,10.339099293210756,379.7013854980469,6.527721881866455
381.6642499564306,3.7383268216212606,372.2385708373892,9.317702412470807,378.98797607421875,5.322503089904785
380.7047108178273,2.66342019913461,371.2918235025959,8.29489868836945,378.2689514160156,4.120669841766357
379.76724211078863,1.5850615534577375,370.34389912656513,7.276027971212067,377.54730224609375,2.9257326126098633
378.86294642328335,0.512456189080867,369.3972072184277,6.2589574536661585,376.8310852050781,1.745967149734497
377.9422361800929,-0.614881037822262,368.4969726847998,5.331558209251312,376.0820617675781,0.5562259554862976
377.02126898308717,-1.760039060346112,367.62768293416013,4.452869065731637,375.3021240234375,-0.6229983568191528
376.1115091704334,-2.894591252461291,366.78499034207914,3.601386347645155,374.50115966796875,-1.7729729413986206
375.2024864367468,-4.01765992781714,365.9345867543269,2.7302476366167454,373.676025390625,-2.906251907348633
374.29588774928607,-5.132222883181652,365.0823891643399,1.8477061330064712,372.83062744140625,-4.022176265716553
373.3662218312566,-6.222967929435161,364.2255824000774,0.9529641148384256,371.9659118652344,-5.123643398284912
372.4175432018525,-7.293739638449555,363.3643859938307,0.04793246848241495,371.08343505859375,-6.2118425369262695
371.4592960566476,-8.351291372771186,362.4989043334116,-0.865939078213632,370.1852722167969,-7.286994457244873
370.4922436537971,-9.39590077953761,361.6286659075142,-1.7881945254506446,369.2732238769531,-8.349602699279785
369.51914267065507,-10.432046795722393,360.75368685431295,-2.718737549471946,368.3477783203125,-9.401285171508789
368.5418054812352,-11.461508590905698,359.8725889694911,-3.658604187955164,367.4101867675781,-10.442972183227539
367.56206961080704,-12.485623828931432,358.9866750625198,-4.605187495066389,366.4620361328125,-11.474738121032715
366.5828286894552,-13.50689778357121,358.09647158502145,-5.5581141021929605,365.50457763671875,-12.496949195861816
365.6065320832946,-14.527318935668012,357.2016470670859,-6.517511041570805,364.5390930175781,-13.510055541992188
364.63263367578344,-15.547744447102527,356.30216847610006,-7.482020784828517,363.5660400390625,-14.515047073364258
363.6549826059762,-16.568528664190968,355.39356208853525,-8.456541315339056,362.5831298828125,-15.516063690185547
362.6760144190973,-17.585795184234346,354.4795306651592,-9.437226433138546,361.5944519042969,-16.510555267333984
361.69572038754904,-18.599960319471386,353.56050954215107,-10.424392572018952,360.60064697265625,-17.499454498291016
360.71465208204364,-19.61056857038461,352.63396462947554,-11.419115976116629,359.60296630859375,-18.483644485473633
359.7330656523428,-20.618257263604043,351.70004329645946,-12.422004070911342,358.60223388671875,-19.464447021484375
358.7499545561271,-21.62130901116499,350.7560452413435,-13.43442537879886,357.5997314453125,-20.44331932067871
357.7681326884956,-22.62072484139949,349.80053360730363,-14.45947978648023,356.5975646972656,-21.421707153320312
356.7850689314188,-23.609136172873168,348.8287111177362,-15.500297502363885,355.5995788574219,-22.40092658996582
355.80188986836305,-24.58475121039006,347.83104053785934,-16.566871436227228,354.60943603515625,-23.38526153564453
354.8120738408958,-25.55728078088449,346.777775449674,-17.69236430970533,353.6228332519531,-24.393112182617188
353.87500349683876,-26.474980245260703,345.6875883896905,-18.858598250068564,352.70159912109375,-25.38341522216797
352.83326621622996,-27.503335931869845,344.832299277147,-19.779568336627065,351.705810546875,-26.414941787719727
351.8227676400918,-28.509229854981022,343.88817760465554,-20.795473646924243,350.7159118652344,-27.43317985534668
350.8295907475803,-29.51467481392519,342.948053640753,-21.808720714953463,349.7309875488281,-28.4405460357666
349.85054105918033,-30.526259903426542,342.00261422507685,-22.828302388182056,348.7469482421875,-29.443756103515625
348.91740477252375,-31.508360881366688,341.0706278502698,-23.83243546120096,347.7982482910156,-30.413572311401367
347.9341963893143,-32.55859415291971,340.21747681006036,-24.759400429771286,346.79449462890625,-31.40671157836914
346.96381571984523,-33.605805830351166,339.364271327182,-25.688456819921345,345.78399658203125,-32.37664794921875
345.9966591322898,-34.653868181783714,338.493600503149,-26.636235325642936,344.7612609863281,-33.333744049072266
345.03325693452643,-35.700693943000104,337.60429396633816,-27.599911885187097,343.7299499511719,-34.27952575683594
344.06734384173274,-36.74531727929022,336.7031626742569,-28.576282193641873,342.6897888183594,-35.21720504760742
343.0919347035686,-37.78752785434864,335.8107398768357,-29.552987495767013,341.6399841308594,-36.145469665527344
342.1056220365925,-38.835396114632665,334.94650852568185,-30.51012788687866,340.577880859375,-37.058799743652344
341.1166013162661,-39.89419921184286,334.09426811984724,-31.456569321322448,339.50201416015625,-37.95420455932617
340.12495270451996,-40.958368446499485,333.2359851158329,-32.40639797540564,338.41217041015625,-38.83211898803711
339.1226952034223,-42.02691336992709,332.3749774080208,-33.35269562807818,337.3065185546875,-39.69221115112305
338.098557479422,-43.10367069054404,331.5300383209361,-34.27812614052104,336.1822814941406,-40.52893829345703
337.0419208339579,-44.18992046278404,330.7102449230706,-35.17052021337898,335.0365295410156,-41.3332633972168
335.95408276159554,-45.27746192139689,329.9026439041133,-36.072322735007916,333.8667297363281,-42.10228729248047
334.85158178335655,-46.34622584967755,329.07013911649176,-37.02495301226566,332.677001953125,-42.840206146240234
333.76140378151706,-47.3986989297578,328.1778343865423,-38.02456222756969,331.4732666015625,-43.557193756103516
332.67194418544346,-48.45403910936399,327.2567837233217,-39.02962270579816,330.2591247558594,-44.254825592041016
331.5475598062025,-49.5204759050667,326.3348451519459,-40.008156468887,329.0308532714844,-44.927913665771484
330.3702010394469,-50.59190944503079,325.41019496761623,-40.949869429680206,327.7859802246094,-45.568294525146484
329.15081014227746,-51.647461834738564,324.45138457056805,-41.860292910138284,326.52301025390625,-46.17472457885742
327.8954814906953,-52.66497805709082,323.41329158011104,-42.65785618459676,325.2449035644531,-46.747188568115234
326.6072663730882,-53.63847634582734,322.3457220195453,-43.441909416537385,323.95281982421875,-47.287200927734375
325.26968071047037,-54.538227237477905,321.2381122998967,-44.16954471308693,322.64764404296875,-47.794681549072266
323.88847543684875,-55.40769400832602,320.10441712354594,-44.849480859521435,321.3293151855469,-48.26716995239258
322.456302827156,-56.241949530640625,318.9479503073264,-45.481826372422084,319.9976806640625,-48.701351165771484
320.97489115902846,-57.04688412107721,317.7695204529469,-46.06594448145031,318.6533508300781,-49.09376525878906
319.42978450800456,-57.77099396443558,316.5694194002966,-46.60114761313941,317.29669189453125,-49.44117736816406
317.82882789280575,-58.42192994731694,315.3475834053962,-47.08570922576388,315.9286804199219,-49.740604400634766
316.1809975806447,-58.990653743552976,314.1025780025985,-47.51563266647227,314.55078125,-49.990177154541016
314.5087220564826,-59.45260113615373,312.8299429057996,-47.88622814614124,313.1645202636719,-50.191383361816406
312.83315635580965,-59.8390157255927,311.532238189046,-48.19341207900443,311.7727966308594,-50.34685134887695
311.1348158591356,-60.12754503169886,310.2182959893112,-48.43778872707976,310.3765563964844,-50.456321716308594
309.4383023856827,-60.3487227126586,308.8883567822002,-48.61834108793145,308.97760009765625,-50.521907806396484
307.7192936368541,-60.47098400152082,307.55135764083883,-48.73285902185388,307.5772399902344,-50.54194259643555
305.9847865010614,-60.53419453798472,306.2103662757516,-48.77970772076894,306.17706298828125,-50.515071868896484
304.2524891573274,-60.4983705294361,304.86659429833634,-48.757100397062025,304.7784729003906,-50.44192123413086
302.52683883758175,-60.4014431333505,303.52377237665087,-48.66333192120181,303.3827819824219,-50.32338333129883
300.8392892799234,-60.18417880675092,302.18310635049266,-48.49717452781453,301.99151611328125,-50.16341018676758
299.2013141449145,-59.883447510919176,300.84613177762645,-48.26275498963128,300.6048889160156,-49.96714401245117
297.56363737331384,-59.45068995334346,299.52568331278246,-47.96779039143896,299.224365234375,-49.731258392333984
295.8842894201159,-58.8661412619471,298.23593295037614,-47.615121198118146,297.853515625,-49.44472885131836
294.19880516284854,-58.19324276068971,296.97541854356564,-47.20450279818587,296.49603271484375,-49.101722717285156
292.5841465487449,-57.46803259169936,295.7314455285426,-46.73166262341221,295.15216064453125,-48.7077751159668
291.06489445693035,-56.69213632466099,294.50145958866966,-46.19130338942202,293.8205261230469,-48.271976470947266
289.60223563854925,-55.881252089036096,293.2981481940624,-45.58153539482909,292.50244140625,-47.79899978637695
288.16369501619806,-55.02694868353156,292.1353053119986,-44.89961505813288,291.1987609863281,-47.28773880004883
286.7738587365336,-54.100015122550985,291.01881651870485,-44.13687813314289,289.9102478027344,-46.738746643066406
285.4180662630672,-53.12642262784472,289.95485616808975,-43.30115706406298,288.638671875,-46.1515998840332
284.09217147389745,-52.10998297486631,288.94450299312996,-42.41004700071619,287.38623046875,-45.52507400512695
282.7857104558737,-51.06257806571516,287.9886708569816,-41.480670433484036,286.15545654296875,-44.85676574707031
281.5217951903679,-49.96734270447981,287.0805240682754,-40.524869724701496,284.9486083984375,-44.14630126953125
280.3108840217503,-48.827095664785816,286.2108816986134,-39.55313440201087,283.7669982910156,-43.39457321166992
279.15797493118487,-47.63732376121603,285.3735939709711,-38.57737744664203,282.61224365234375,-42.60234832763672
278.0553761668924,-46.414104269065234,284.55459021596187,-37.61576237591366,281.4857482910156,-41.77022171020508
276.99112194003396,-45.175127819433165,283.76104573488755,-36.65672031502392,280.3895263671875,-40.899009704589844
275.9629421174521,-43.92495139592499,283.0093668515888,-35.67643004471319,279.3248596191406,-39.989501953125
274.95781579033945,-42.6853111378137,282.29048298995195,-34.67535970046732,278.2915954589844,-39.04360580444336
273.9658344851189,-41.46931155062759,281.598823993004,-33.65119528697132,277.2893981933594,-38.06513977050781
272.97976738763475,-40.279011622971474,280.9101605952718,-32.62633553031908,276.3175964355469,-37.05807113647461
272.0087345717283,-39.10491501659638,280.2181154068505,-31.585947090002847,275.3714294433594,-36.0250244140625
271.05113925410313,-37.939661071025554,279.52413654891507,-30.538001739888127,274.4501647949219,-34.97041320800781
270.10540418405986,-36.77699525212754,278.81054711929517,-29.50026148299927,273.552001953125,-33.89594268798828
269.17532902692227,-35.613986003079006,278.0801633943901,-28.46376708458871,272.6750793457031,-32.803829193115234
268.2632832135808,-34.445437788156156,277.3482001056165,-27.41944586922814,271.818359375,-31.69605255126953
267.37212754796974,-33.26727806490313,276.6149097618643,-26.367957647358416,270.9805908203125,-30.57372283935547
266.5072726718427,-32.07291538815416,275.8809719909097,-25.313962540090106,270.16162109375,-29.437929153442383
265.6730518015625,-30.8534908144822,275.15066121812214,-24.262974377766934,269.36212158203125,-28.28819465637207
264.86815009959736,-29.61518073297017,274.41745026084,-23.212818998711697,268.582275390625,-27.125032424926758
264.0852068249492,-28.366483192663107,273.67964449260154,-22.159493195421256,267.8216247558594,-25.94925880432129
263.31821118025533,-27.11498682072824,272.9331154334356,-21.099529018551834,267.07891845703125,-24.762142181396484
262.55804002369183,-25.866797574012317,272.17771080790084,-20.031687407400018,266.3527526855469,-23.56499671936035
261.7927989888943,-24.624796998875212,271.4165145707657,-18.95739863212503,265.6419677734375,-22.35802459716797
261.0091796224668,-23.396485293310036,270.64946200641873,-17.87531829798198,264.945556640625,-21.14204978942871
260.2113654537639,-22.18404976304236,269.8770880909413,-16.783640892161717,264.2629699707031,-19.920347213745117
259.40544415016484,-20.97825124303026,269.09841390435355,-15.683001469271483,263.5915832519531,-18.69137191772461
258.5953486811342,-19.780511945435222,268.3132308444545,-14.571500292842039,262.9299621582031,-17.45705795288086
257.7834131093385,-18.590557119054054,267.52313193544114,-13.44823085153931,262.27606201171875,-16.218551635742188
256.9700796678209,-17.407180072460992,266.7286033733424,-12.316147922563971,261.6283264160156,-14.976967811584473
256.15899980564046,-16.23278747284195,265.92769788254617,-11.17216733711787,260.9840087890625,-13.7332181930542
255.35251298336465,-15.067034470610524,265.12344056777215,-10.01953494904491,260.3416442871094,-12.489731788635254
254.55151578656947,-13.907773992150421,264.31530738531467,-8.857726931742587,259.6982421875,-11.245774269104004
253.7533333889414,-12.752449586572602,263.50394226518137,-7.691077379574568,259.052490234375,-10.001749038696289
252.95810303358226,-11.605284126756496,262.69200763441773,-6.522068142920652,258.4045715332031,-8.761042594909668
252.16550979273626,-10.467722659529937,261.87788097078726,-5.348001434356862,257.7519226074219,-7.522934436798096
251.37505713496495,-9.33601112930797,261.06146747180264,-4.169780163904854,257.092529296875,-6.286606788635254
250.58718010136624,-8.208943291116613,260.2453912679874,-2.9905856065475893,256.426513671875,-5.053935527801514
249.80089256019608,-7.0873801490157335,259.43076704691083,-1.8115812369510302,255.75379943847656,-3.826035499572754
249.01773999459354,-5.969388830537413,258.6180581616538,-0.6317198661801746,255.07350158691406,-2.6024534702301025
248.2396156482119,-4.860062851802303,257.8025871004243,0.5506149492321328,254.3839111328125,-1.3836535215377808
247.46910488918707,-3.7629101526737645,256.98480358208997,1.7386504484252292,253.68255615234375,-0.17056451737880707
246.71051335671427,-2.6819893342191334,256.1628213953375,2.93038242704531,252.96775817871094,1.0332920551300049
245.95748409904937,-1.6087869394609964,255.3372912056021,4.12211460342119,252.23764038085938,2.228281021118164
245.2147273999993,-0.5499835566409912,254.5061398748085,5.317048978856909,251.48989868164062,3.4124531745910645
244.48642016699213,0.4879754906884646,253.66708752334975,6.517985012180216,250.7210693359375,4.582993030548096
243.78030993454914,1.492641567984795,252.81865000397116,7.732065800835252,249.92578125,5.7350358963012695
243.08491827462097,2.485696153929447,251.9622005012121,8.951868795906655,249.10079956054688,6.8676371574401855
242.39397058267014,3.4719887791779716,251.0997673349145,10.174089434850975,248.2464141845703,7.97745418548584
241.71788807367486,4.460992288663798,250.227472306713,11.399230268421997,247.3616485595703,9.06259822845459
241.05836082849174,5.456993603299858,249.34182879389638,12.6296863393139,246.4449462890625,10.121262550354004
240.40335017920853,6.461519621871208,248.44203244093944,13.864031753250776,245.49630737304688,11.151427268981934
239.73775102207645,7.476222342209048,247.52888092251996,15.099837854368868,244.5167694091797,12.152488708496094
239.0520172803776,8.500283563153502,246.61123730854004,16.344050666161372,243.50833129882812,13.124343872070312
238.34215979449212,9.523639065896155,245.6890269026917,17.60397291994287,242.472412109375,14.066230773925781
237.60970446176034,10.534655174077782,244.74562859845096,18.879594556794924,241.40797424316406,14.976452827453613
236.84305114447682,11.521769396607157,243.7697830122978,20.161245188938175,240.3152618408203,15.8525390625
236.05728286819715,12.511276532322237,242.75427277283822,21.436949353452924,239.1949462890625,16.693119049072266
235.26213500801867,13.527041594268855,241.69296711121095,22.691005546855532,238.0485076904297,17.497634887695312
234.44390727805953,14.552470827311225,240.58024100947966,23.91574804585241,236.8771514892578,18.265296936035156
233.59382635504966,15.570533850442608,239.40553537076715,25.10227061003862,235.68141174316406,18.994365692138672
232.70126600043756,16.564851273222576,238.1906503684903,26.28791485865493,234.46168518066406,19.68299102783203
231.75576148966644,17.521381261404883,236.93452365484168,27.45367535916098,233.22032165527344,20.330245971679688
230.75087547479168,18.416568805692272,235.62101309000982,28.585968658806145,231.95706176757812,20.935222625732422
229.64011166020921,19.124961413090837,234.23953873110494,29.67713501741759,230.673095703125,21.494871139526367
228.50384191748947,19.789348415730903,232.74845618834794,30.661792158918573,229.36851501464844,22.004180908203125
227.31859189047606,20.346132558032043,231.13798602167415,31.470961601112705,228.04396057128906,22.45892906188965
226.0970762502321,20.81377984529222,229.4573153744077,32.176444218894275,226.70103454589844,22.856067657470703
224.84706219233692,21.19826192740244,227.71611040998368,32.76861883143457,225.3417205810547,23.193130493164062
223.57463497285966,21.50266723266231,225.92241890705608,33.21440078686536,223.96868896484375,23.468374252319336
222.28744435888052,21.726756770140145,224.0857853676579,33.533504775971046,222.58482360839844,23.679157257080078
220.99012254895413,21.868556791367126,222.20657591769796,33.68756595810923,221.1912384033203,23.822589874267578
219.68763350627924,21.922808989205226,220.31522323984862,33.70104862934237,219.79283142089844,23.89710235595703
218.38634714116466,21.879205029859367,218.42096755298195,33.572177459763324,218.392333984375,23.901248931884766
217.08726603968213,21.712453540335975,216.57242994457724,33.35851056596648,216.9932403564453,23.839399337768555
215.80045430544533,21.42117526729925,214.77701351211527,33.02212683058766,215.5979766845703,23.71630859375
214.53396288976313,21.031487120151215,213.03709788207325,32.566575775630646,214.20895385742188,23.536060333251953
213.29948386005347,20.56885626975366,211.33457300919747,31.977800307489435,212.82937622070312,23.2984619140625
212.09042192515847,20.054876162727002,209.68154275055355,31.327354379468964,211.45982360839844,23.005794525146484
210.898176859568,19.50942722768316,208.09075542830888,30.62656376543788,210.10183715820312,22.662860870361328
209.71319738972875,18.95143123556625,206.55722653347792,29.913032765339747,208.7561798095703,22.27543067932129
208.5300418905051,18.401264750309632,205.06036593745765,29.197905593528816,207.4227294921875,21.846904754638672
207.35321238055758,17.836579822363003,203.59966262541897,28.461476898748916,206.1013641357422,21.380094528198242
206.19096280602076,17.233722599652012,202.18167534795455,27.69251316314302,204.7936553955078,20.878795623779297
205.04209986605287,16.60088130942732,200.79702570050165,26.906463131163825,203.49952697753906,20.345718383789062
203.8980086665189,15.943910391791206,199.4481588428399,26.104449654813294,202.21633911132812,19.783740997314453
202.7586498137624,15.27099442132137,198.1234778572089,25.302384781578834,200.94491577148438,19.196258544921875
201.6203609728001,14.59008066263392,196.81523946778285,24.50772489849954,199.6845245361328,18.585596084594727
200.47826280545758,13.908753323721527,195.516938197164,23.72876488181698,198.43447875976562,17.95404052734375
199.33138426080004,13.232462379651373,194.22432243793963,22.959697668706685,197.1942901611328,17.302907943725586
198.18148347411122,12.551011661918427,192.9462619030275,22.19144547993689,195.96383666992188,16.63471221923828
197.02817390563465,11.855202723330382,191.68287703378616,21.42685600277895,194.7405548095703,15.951569557189941
195.8667648634389,11.145939501937828,190.4404873440624,20.671532840698976,193.5240020751953,15.258557319641113
194.6933805830065,10.424958999524382,189.21615189079367,19.926247871993745,192.31028747558594,14.558884620666504
193.50465278104025,9.693789725674128,188.01250251948798,19.19543796820127,191.09767150878906,13.857967376708984
192.2970728157257,8.954581994053365,186.8307316961695,18.480490218873943,189.8832244873047,13.161069869995117
191.06985780047597,8.211281965287535,185.66696551139003,17.7798269426197,188.66375732421875,12.472496032714844
189.82480949660555,7.463484830149451,184.52512749464893,17.080760531925332,187.4370574951172,11.796512603759766
188.56367055591718,6.704658525200232,183.40816854344115,16.377672758308197,186.20095825195312,11.137699127197266
187.28598864884276,5.934672830446871,182.30974295004168,15.675580214361457,184.95352172851562,10.500432968139648
185.9917180581223,5.159543458403023,181.22137044397186,14.97659293434049,183.69387817382812,9.888340950012207
184.68216762888375,4.379247814124993,180.12937672785839,14.297477819069737,182.4214324951172,9.30424690246582
183.34648246423362,3.6089250628115224,179.03825775122314,13.62410421117184,181.1346435546875,8.750709533691406
181.98698348265336,2.852151942527298,177.93894558164726,12.965982150892186,179.8343963623047,8.2302885055542
180.58317823065366,2.116019305358228,176.83897747227442,12.333773243866169,178.51925659179688,7.748367786407471
179.14619301988563,1.3836442407629468,175.72474657697677,11.743267327741167,177.189208984375,7.309096336364746
177.68084964650114,0.6406943906340716,174.5945058310074,11.195253662796024,175.84576416015625,6.916248798370361
176.15052344563787,-0.10488629531085003,173.4673278870991,10.670610486125941,174.48648071289062,6.577775001525879
174.55464259187582,-0.8271675076214953,172.33039965032683,10.172771533600454,173.11346435546875,6.300144195556641
172.88597704119195,-1.5002767113409972,171.1772741764493,9.709965738204815,171.7291717529297,6.089145660400391
171.15912811845294,-2.1042820142366008,169.99423933206216,9.290307464960401,170.3360595703125,5.946725368499756
169.37517274185058,-2.5583820473749785,168.7789742192817,8.928407746466725,168.9375,5.874135971069336
167.5344452589385,-2.932577169304123,167.5381058140207,8.638465027786541,167.5372314453125,5.874578952789307
165.63488916995973,-3.1958877341653,166.27644424234248,8.441649465779674,166.13917541503906,5.951651096343994
163.7027753640459,-3.3588942790523664,164.99251683066421,8.326441004721795,164.7473602294922,6.105269432067871
161.76995921327668,-3.4137085072829905,163.68583584723663,8.289451853147977,163.3653106689453,6.33151912689209
159.8342310206032,-3.3074488031028455,162.37214730070417,8.354227846733897,161.99676513671875,6.629354000091553
157.9128034655847,-3.0211831714941777,161.05888706110585,8.511973414911493,160.64585876464844,6.997862339019775
156.04962203458237,-2.5733128530421556,159.7769659267379,8.849520184923316,159.31451416015625,7.432288646697998
154.2498097346341,-2.005200501614654,158.52862369796853,9.314209032300713,158.0044403076172,7.9275054931640625
152.50393547088078,-1.2756444043249555,157.32728301734278,9.891961785697733,156.7186737060547,8.482834815979004
150.82352093188004,-0.31215986782384064,156.18606395402597,10.57050151412477,155.46238708496094,9.101882934570312
149.2900959205726,0.841313705660637,155.09385705327995,11.3279728945251,154.2371368408203,9.779988288879395
147.86880431368078,2.0799365858155934,154.0422319487868,12.139971612722,153.0435028076172,10.512472152709961
146.5036811123087,3.356772840100449,153.02998997806452,12.989110672144005,151.88417053222656,11.297967910766602
145.1716715061341,4.660953834091392,152.05390315011,13.863283793540973,150.7626495361328,12.136730194091797
143.8685158913138,5.988750260794457,151.1105510304945,14.757046652150501,149.6829071044922,13.028526306152344
142.61812723423438,7.355836360330075,150.19287603223538,15.667199235290509,148.64781188964844,13.971883773803711
141.4520135042198,8.770157349993802,149.29192356782178,16.592924263861107,147.6586456298828,14.963217735290527
140.35053205005337,10.19091888152981,148.42192773606567,17.555138668781822,146.71485900878906,15.997634887695312
139.2999217659945,11.605442203965335,147.59957669566094,18.56749980580105,145.81492614746094,17.07046890258789
138.29572614379407,13.002607015601797,146.81566241304245,19.621947767017286,144.95545959472656,18.176712036132812
137.32124877290124,14.341805955094069,146.05672395446123,20.713395584789144,144.1301727294922,19.308183670043945
136.38609156754373,15.621700848075642,145.3068614413067,21.834004933054146,143.32994079589844,20.457304000854492
135.51152904378577,16.831988595594293,144.54963799278912,22.98075664504868,142.54226684570312,21.615110397338867
134.69362319054136,17.97483280843016,143.7705680143723,24.143163031489475,141.75506591796875,22.773508071899414
133.92107552508776,19.055577760855083,142.95441996606567,25.307527705248557,140.95770263671875,23.92560577392578
133.18737193194377,20.087696541225206,142.11736260379422,26.47624953929907,140.14329528808594,25.063993453979492
132.4801049999686,21.08393302071567,141.27521510975342,27.65857571323438,139.30482482910156,26.18564224243164
131.78875713874896,22.060980107509867,140.4275995363772,28.849276771955843,138.4394073486328,27.28697967529297
131.1045518303501,23.0244803217083,139.57249997781688,30.045704114179486,137.5455322265625,28.36503791809082
130.44019422360776,23.986254813394417,138.70512653137502,31.248946354315684,136.6208038330078,29.417377471923828
129.796719008319,24.960295811167896,137.82578665799863,32.45953379958482,135.66468811035156,30.441043853759766
129.1587770477539,25.94685104373962,136.92420142200854,33.6669300702472,134.67784118652344,31.433687210083008
128.5170531978053,26.941511141639868,136.0066975168486,34.88411311425225,133.65899658203125,32.39442825317383
127.86676063951467,27.93835305696745,135.07515164822078,36.12169199978127,132.60768127441406,33.320491790771484
127.19710269554915,28.934802338046552,134.1216681329613,37.372357265558456,131.5253448486328,34.20874786376953
126.49749024446461,29.932826861538125,133.14064918299377,38.63150253705904,130.41221618652344,35.058841705322266
125.72694294066152,30.89223106232114,132.13001362022908,39.88662198886956,129.27133178710938,35.87103271484375
124.94195968892241,31.8552813424034,131.0720107896502,41.14056151194412,128.1025390625,36.64265823364258
124.11901396554163,32.81601672488546,129.96976686577713,42.377385932469615,126.90791320800781,37.3736686706543
123.25727224998118,33.78417237391737,128.82792983594334,43.58655431036294,125.69038391113281,38.06558609008789
122.35697125445414,34.74689984590849,127.65242191093998,44.78697706452476,124.4518814086914,38.71881103515625
121.40494397189191,35.698993117326054,126.4621776845719,45.98177194822114,123.19432067871094,39.33729934692383
120.40133730685557,36.627279711735696,125.2602621459246,47.15472381739984,121.9229736328125,39.92408752441406
119.34841975277985,37.51837032362037,124.03958228222893,48.291814946713664,120.63934326171875,40.483028411865234
118.24890005616709,38.35798616478992,122.79284741244017,49.38771317716428,119.34417724609375,41.0166015625
117.10737706618767,39.12560986732093,121.47604644381302,50.37610453044361,118.03853607177734,41.52359390258789
115.92859626716441,39.81914111490518,120.08803914863104,51.25659787214777,116.72250366210938,42.002193450927734
114.71792011826992,40.45487028671482,118.6563617848469,52.048783858359265,115.39655303955078,42.45261764526367
113.47809608077458,41.03320939081093,117.18278451759014,52.732109393042535,114.06146240234375,42.87540054321289
112.21346543998628,41.55356070771073,115.6700170950509,53.34044364775259,112.71674346923828,43.269744873046875
110.92628822705382,42.01321906714806,114.12979321497589,53.848149912116526,111.36541748046875,43.63552474975586
109.62031635532077,42.409411013265014,112.53303734141947,54.21121554531258,110.00574493408203,43.97109603881836
108.29566065531223,42.73735946880694,110.91139422732542,54.4698238634397,108.638671875,44.275882720947266
106.95291026279102,42.99430221319014,109.2913131576129,54.64314716804003,107.26551055908203,44.55153274536133
105.59529377666391,43.16571516085121,107.66021040044824,54.725218212305585,105.8868408203125,44.79780960083008
104.23471272589252,43.24862027381535,105.98422078646198,54.761190782500336,104.50211334228516,45.00823974609375
102.8813065736243,43.25222873961256,104.26046596395881,54.767241435357136,103.111572265625,45.17478561401367
101.53328713270052,43.18705817568662,102.53093084113223,54.67577724027132,101.71641540527344,45.295936584472656
100.18487759421912,43.06283324640874,100.84668948036614,54.51303196067943,100.31861877441406,45.37672805786133
98.83866394691113,42.887031200695986,99.19972795748504,54.298768693894445,98.91883850097656,45.421016693115234
97.50237913388705,42.664826995849744,97.56445045451657,54.0091174316195,97.51750183105469,45.42868423461914
96.18297576572274,42.408240098407994,95.93559008100534,53.670041551745896,96.11730194091797,45.397926330566406
94.8798473360755,42.10686836544414,94.32388083154436,53.28133764642325,94.71956634521484,45.32838439941406
93.58543367512061,41.74518246996246,92.74639171012875,52.842814700775065,93.322509765625,45.22275924682617
92.3049486323423,41.33080120979466,91.20204005895279,52.33356554963311,91.92882537841797,45.08305740356445
91.03561916669108,40.870407615516,89.69366348622265,51.78577525481294,90.5387191772461,44.91215515136719
89.78145816810148,40.37074370998267,88.21141497072334,51.207632555285265,89.15259552001953,44.711334228515625
88.53471548073105,39.82362765938789,86.76660264040412,50.6094494342913,87.77061462402344,44.48478698730469
87.29701285220972,39.26612567052077,85.34387497412541,49.99656012441438,86.39276885986328,44.23399353027344
86.07325339961731,38.688903412417176,83.93852756790787,49.36704146883581,85.01958465576172,43.95947265625
84.8685618092588,38.090163472000135,82.54656484086618,48.7113244708012,83.65083312988281,43.66023635864258
83.6817777223731,37.45950966845925,81.18198898965824,48.00505230881048,82.28846740722656,43.3372917175293
82.51110765994144,36.79217769103786,79.83826692980756,47.280652003157826,80.93131256103516,42.99143981933594
81.3491686152091,36.09486454379603,78.51525504757123,46.55204898596278,79.5794677734375,42.62508773803711
80.19624220674865,35.376561910382485,77.20600241177542,45.83040611427444,78.23302459716797,42.23994827270508
79.05680048349653,34.64829984106561,75.90129069316413,45.12557588048823,76.89201354980469,41.83606719970703
77.93036432629134,33.92081633990759,74.59527781383137,44.448590310730005,75.556884765625,41.41311264038086
76.81005043770523,33.20464257608934,73.28541093606265,43.80616175468848,74.22791290283203,40.971275329589844
75.68873101735481,32.5084638625295,71.97304275213382,43.190270633885994,72.90499877929688,40.5110969543457
74.56567244429428,31.824229426472016,70.6605042223441,42.59158698589803,71.58827209472656,40.033538818359375
73.44712437655362,31.142418240599522,69.34928829005995,41.99908122130881,70.27787017822266,39.5389289855957
72.33477970107565,30.46397422071964,68.04188452909928,41.402189323272886,68.97399139404297,39.027198791503906
71.23153099585664,29.79052570453606,66.74117397789307,40.7904363451184,67.67707824707031,38.49777603149414
70.13151334781662,29.12013643235116,65.45291025680942,40.155133806339386,66.38742065429688,37.95098876953125
69.03835541669326,28.454816882432592,64.17991875766776,39.49126640074351,65.10625457763672,37.38699722290039
67.9377827291617,27.788446200442266,62.921698785702645,38.80465121767965,63.831504821777344,36.806556701660156
66.83754784301735,27.124599533862828,61.674043587696325,38.10248103105387,62.564002990722656,36.21038055419922
65.73948847504792,26.464402135120082,60.43497821223459,37.38839439166395,61.304080963134766,35.59858322143555
64.63958472619372,25.805565214410713,59.2036042615845,36.66581687043548,60.05159378051758,34.97166442871094
63.53912689256575,25.148600047570337,57.97816841699242,35.937289908507445,58.8066520690918,34.3299674987793
62.43810382671403,24.493262977889103,56.75694759251906,35.204968365843015,57.56912612915039,33.673622131347656
61.32661394041392,23.834117020102603,55.540479232639655,34.47201113627221,56.338741302490234,33.00439453125
60.20483398524183,23.170663234232435,54.32776151009552,33.73899837895896,55.114784240722656,32.32374954223633
59.090918761346444,22.51237100745022,53.1166820928344,33.001584682853036,53.89760208129883,31.630491256713867
57.97729774777173,21.85536083166383,51.90951667973487,32.25840025207127,52.68745422363281,30.92464828491211
56.84512563890854,21.188641720313207,50.70978027058609,31.512045256125752,51.48396301269531,30.209396362304688
55.70718324866938,20.51932583710772,49.51231202460771,30.7625721529474,50.285282135009766,29.48446273803711
54.567540866457755,19.849645216509757,48.319922269076855,30.006743618133186,49.092472076416016,28.75076675415039
53.4301840615741,19.182253331655858,47.12967611982397,29.246347897387068,47.905235290527344,28.007511138916016
52.30218401593926,18.521582183235942,45.93991488149725,28.48246935705861,46.72484588623047,27.25356674194336
51.16128732523205,17.85356564460455,44.75633737173588,27.71238606115149,45.55019760131836,26.490436553955078
50.008888060873296,17.17857479463067,43.58133713004931,26.93289884517703,44.380699157714844,25.719802856445312
48.863064267116535,16.50849040025201,42.40985512535148,26.146079711438855,43.217018127441406,24.940616607666016
47.71084247662981,15.834715451136509,41.24104772212589,25.356634434851895,42.05854797363281,24.153478622436523
46.54884341038435,15.154688139808004,40.0734527466012,24.5691133997548,40.90504455566406,23.36008071899414
45.37889096876609,14.469674672816911,38.90238691599117,23.785883665474422,39.754459381103516,22.560209274291992
44.20068001823276,13.779166160487257,37.72611487037435,23.011249952030415,38.60686492919922,21.755388259887695
43.015230183523826,13.083425759609032,36.545583987440075,22.248501792127517,37.46343994140625,20.9482421875
41.819658748101276,12.38064392556625,35.36034236648911,21.493807782167938,36.32098388671875,20.13848114013672
40.614027740485206,11.670838033251503,34.17355455087504,20.74345982591359,35.17866516113281,19.327571868896484
39.402585099448395,10.9568913088765,32.9829729607449,20.00112187298784,34.036502838134766,18.516862869262695
38.18716963541979,10.240066388918116,31.790248506707147,19.263811558680235,32.89393997192383,17.70690155029297
36.96885354496079,9.521213560950828,30.595633321477923,18.5309473190352,31.75062370300293,16.89815330505371
35.748720765545144,8.801154109391824,29.399190948380912,17.801561176925173,30.606124877929688,16.090742111206055
34.52766676382714,8.080479326200155,28.20149938230687,17.075106402314912,29.46052360534668,15.285009384155273
33.305888076114634,7.35929502824275,27.001370780938807,16.352939237324506,28.313587188720703,14.481010437011719
32.083717680637555,6.63788960671086,25.79797970028469,15.636583099464705,27.16539764404297,13.678980827331543
30.861357145416868,5.916385910947596,24.59238143083092,14.924499346995283,26.01589012145996,12.879009246826172
29.63903352390866,5.194970308301058,23.38507034046476,14.215535548737822,24.864917755126953,12.081039428710938
28.417088088888864,4.473865716033002,22.176990600746567,13.508428640846537,23.712596893310547,11.285140991210938
27.19547859928883,3.752991705276342,20.968736852498168,12.802200099612435,22.558881759643555,10.49127197265625
25.973526598225604,3.0319234636402257,19.76118895031016,12.095679851020485,21.403589248657227,9.699429512023926
24.751373050972486,2.310631577537019,18.55549178165047,11.387828851546558,20.246877670288086,8.90988540649414
23.530241715987046,1.5900064371271645,17.35095675067911,10.678562504628838,19.08880615234375,8.122515678405762
22.310815035125916,0.8706484850997755,16.145506529705216,9.968696308509578,17.92911720275879,7.336650371551514
21.0925069100758,0.151956412306669,14.94015682885826,9.259020389557392,16.76850700378418,6.552590847015381
19.873439112710656,-0.5673815107293612,13.735446663626954,8.549973587354373,15.606691360473633,5.770432472229004
18.65700827747587,-1.2849733794620155,12.530010164605388,7.840619442208586,14.44405460357666,4.989828586578369
17.4415318523468,-2.0018811961610004,11.324364401909607,7.130979843966072,13.28050422668457,4.210485458374023
16.229017757163724,-2.716426125191778,10.11756485495506,6.419996024006863,12.116399765014648,3.4318032264709473
15.01653423472268,-3.430506615346819,8.910984386480493,5.708575152803802,10.951807022094727,2.653773307800293
13.803253994065798,-4.144914070005153,7.705150828364868,4.997384339758606,9.786744117736816,1.8766521215438843
12.58846514309446,-4.860209445821222,6.50008515659802,4.286768494014133,8.620844841003418,1.1006102561950684
11.371439639369706,-5.577073163456094,5.296355342568331,3.5773025616412264,7.453883171081543,0.32618382573127747
10.15036966420173,-6.296793914507033,4.095047098090625,2.8698271804115607,6.285281181335449,-0.4457758665084839
8.92642400640753,-7.018549504773815,2.8957275981488726,2.1640716007251877,5.114661693572998,-1.2145814895629883
7.703721301320211,-7.739688190719207,1.6960421695464554,1.4584246465469346,3.942103862762451,-1.98042893409729
6.485228130762792,-8.45817503228973,0.4941626283217979,0.7515024598128881,2.76813006401062,-2.7441205978393555
5.270629536490295,-9.174112832262209,-0.7099664633601219,0.043035270857434416,1.59316885471344,-3.506500482559204
4.058352112013811,-9.88839788393766,-1.915316912555566,-0.6664895741345296,0.41762083768844604,-4.267984390258789
2.8470663649591996,-10.60190644196615,-3.1210122206164157,-1.3765637949962395,-0.7583391666412354,-5.028738975524902
1.6356665115721922,-11.315284106313177,-4.326546748234243,-2.08681616340803,-1.9348052740097046,-5.788815498352051
0.4240502099262722,-12.028745465627185,-5.53147255302893,-2.7967625070642983,-3.1115899085998535,-6.547955513000488
-0.7880518609645151,-12.742636087426359,-6.736315789474741,-3.506543382537274,-4.289157867431641,-7.306337356567383
-2.0013646551459043,-13.457446743523288,-7.9406563739352665,-4.215717919088526,-5.4676899909973145,-8.063733100891113
-3.2145976084322165,-14.17234108730333,-9.14403811481514,-4.9240213404756386,-6.646496295928955,-8.819509506225586
-4.427014176584484,-14.886917886160624,-10.348220607192426,-5.632658974569204,-7.826200485229492,-9.574326515197754
-5.638135038689937,-15.60060981092214,-11.553364676151617,-6.341860050660957,-9.006462097167969,-10.32837200164795
-6.848506669293064,-16.31372954645601,-12.758835084143088,-7.051427779055714,-10.187076568603516,-11.0817289352417
-8.058598179714064,-17.026613641365213,-13.964539141722748,-7.761249600868735,-11.36812686920166,-11.834555625915527
-9.268714354012992,-17.7394750554554,-15.170005335439363,-8.47104464524822,-12.549501419067383,-12.586747169494629
-10.47924138926236,-18.452479049031915,-16.375295650978604,-9.18074753149278,-13.731409072875977,-13.338342666625977
-11.689827772348318,-19.165468107768383,-17.580381871594444,-9.89039544268822,-14.913724899291992,-14.089225769042969
-12.900497629184594,-19.87855836004062,-18.7852056782666,-10.599851144124543,-16.09645652770996,-14.839333534240723
-14.111556603801892,-20.591809172564005,-19.98946723168353,-11.308976708544751,-17.279644012451172,-15.588530540466309
-15.322883569217765,-21.305201535772994,-21.193498862319316,-12.01803910480534,-18.46347999572754,-16.33685874938965
-16.53483348389898,-22.019043249798536,-22.39673398263821,-12.726550246782324,-19.647937774658203,-17.08403968811035
-17.74712938847062,-22.73317496691057,-23.599646658604826,-13.434696198483637,-20.833189010620117,-17.83004379272461
-18.959508565012136,-23.447453079381,-24.802696080332122,-14.142839492570957,-22.019378662109375,-18.5749568939209
-20.171156261298673,-24.161289705299733,-26.006181959780193,-14.851327667161728,-23.206193923950195,-19.31879425048828
-21.3821757809708,-24.87454958440567,-27.20999515162909,-15.56002535944388,-24.393470764160156,-20.06163787841797
-22.593052906888232,-25.587693524406404,-28.413838772898224,-16.26883980482156,-25.581317901611328,-20.80359649658203
-23.8043686632594,-26.301049338932394,-29.617393063682776,-16.97753417070229,-26.76988983154297,-21.544647216796875
-25.01598890622011,-27.014625280641784,-30.820413216082237,-17.685912006115935,-27.959077835083008,-22.28457260131836
-26.227884158212174,-27.728241040524637,-32.02306825775021,-18.394083344733044,-29.148967742919922,-23.023324966430664
-27.439988397204008,-28.442196560521374,-33.225350642127175,-19.101889711540096,-30.339624404907227,-23.760814666748047
-28.652431602246946,-29.156316004291103,-34.42739143891154,-19.809451748337633,-31.531179428100586,-24.49701690673828
-29.86452431800213,-29.87026566774402,-35.629435200033235,-20.517057849742677,-32.72343063354492,-25.231868743896484
-31.07603210797235,-30.583843117838263,-36.831925630751016,-21.224975903900255,-33.91637420654297,-25.965553283691406
-32.287026871144555,-31.29711017126116,-38.034741737926964,-21.933087476891423,-35.10990524291992,-26.698152542114258
-33.49772692682432,-32.01013581451908,-39.237901428495746,-22.64144869511609,-36.3040771484375,-27.429819107055664
-34.70859589922839,-32.72325553846031,-40.44108587369812,-23.349895758940143,-37.498992919921875,-28.16059684753418
-35.91882830084881,-33.43581511230835,-41.64477523054982,-24.058604979196836,-38.694313049316406,-28.890487670898438
-37.12880784201046,-34.14828914401507,-42.84839550426167,-24.767484232361255,-39.89004135131836,-29.619537353515625
-38.338923369046555,-34.860729746556565,-44.052010145305545,-25.476256777544137,-41.086307525634766,-30.347801208496094
-39.54942138576659,-35.57351635232646,-45.255460123913956,-26.18500795513897,-42.28329849243164,-31.075294494628906
-40.75969077534117,-36.28623148638074,-46.45837644654673,-26.893328343024393,-43.480499267578125,-31.801637649536133
-41.96973367249378,-36.99892380548816,-47.661680831166244,-27.60185040778869,-44.6783332824707,-32.527183532714844
-43.1800990668159,-37.7118730624351,-48.86658326733879,-28.311310047616416,-45.8775520324707,-33.252601623535156
-44.38850247042686,-38.423715011133694,-50.070670749255676,-29.02039441187693,-47.075748443603516,-33.97663879394531
-45.59611837569051,-39.134999804341234,-51.27511233589398,-29.729766796011127,-48.273948669433594,-34.70012664794922
-46.80492916380978,-39.84683099245767,-52.480871326529666,-30.43998149701284,-49.47360610961914,-35.423980712890625
-48.01336544204972,-40.55845668843608,-53.68605299940078,-31.149869131492053,-50.67305374145508,-36.147159576416016
-49.22191706307053,-41.27022036915463,-54.891215946092856,-31.859677921353498,-51.87282180786133,-36.86994934082031
-50.43052421749089,-41.982020827320234,-56.09613075802711,-32.569217101695955,-53.07277297973633,-37.59220504760742
-51.638704119526416,-42.69380919909379,-57.3014316403502,-33.278852506617085,-54.27294921875,-38.314064025878906
-52.84696141723349,-43.405600833792604,-58.506839538486474,-33.988380709819864,-55.47341537475586,-39.035560607910156
-54.05479956212924,-44.11715653694187,-59.71246693824598,-34.69797673620627,-56.673946380615234,-39.75666427612305
-55.26297639124607,-44.82870862831812,-60.918054275700335,-35.40758906870482,-57.87481689453125,-40.47749328613281
-56.47105180436119,-45.54005162209291,-62.12376809989776,-36.11735142672446,-59.075862884521484,-41.19800567626953
-57.67944991656103,-46.251509480355026,-63.32912609800261,-36.82699284635373,-60.277156829833984,-41.91814041137695
-58.88793146523454,-46.96298408460321,-64.53439374598939,-37.53659159704366,-61.47869873046875,-42.63787078857422
-60.096747789668704,-47.67447243333276,-65.73942957231476,-38.2461826478449,-62.680580139160156,-43.357177734375
-61.30565874132977,-48.386007427509504,-66.94421438099232,-38.95576722806517,-63.882728576660156,-44.07596969604492
-62.5145519848649,-49.09748973807936,-68.14880875919718,-39.665175363802405,-65.08507537841797,-44.79417419433594
-63.72347874884942,-49.80903587372111,-69.35290515022315,-40.3742814794746,-66.28758239746094,-45.51167297363281
-64.93285565077672,-50.52096923593155,-70.55721143333469,-41.08340214184026,-67.4908218383789,-46.2287483215332
-66.14206469079458,-51.23307616734825,-71.76213253349,-41.79279570992801,-68.69463348388672,-46.945411682128906
-67.34991015131425,-51.94447927594102,-72.96760923472566,-42.5023273928072,-69.89813995361328,-47.66144943237305
-68.55654694958324,-52.655070897830335,-74.17444056111957,-43.212759545777814,-71.10159301757812,-48.37746810913086
-69.7625166451999,-53.365230107193774,-75.38255769491911,-43.92405191160678,-72.30511474609375,-49.09388732910156
-70.96819414090459,-54.07530961919825,-76.59113266201588,-44.635710274039525,-73.50850677490234,-49.81071853637695
-72.17359768446694,-54.78490575229842,-77.79993258069149,-45.34753022507449,-74.71150970458984,-50.52791976928711
-73.37845261896348,-55.49431158076694,-79.00930204738823,-46.059665622567415,-75.91414642333984,-51.24568557739258
-74.58298401513017,-56.20371196254132,-80.21891159580257,-46.77204364274993,-77.11638641357422,-51.964088439941406
-75.78732000999636,-56.91279319415611,-81.42882037098845,-47.48452493747592,-78.31815338134766,-52.68317794799805
-76.99143236315723,-57.621822317160195,-82.63900146672357,-48.19719634632183,-79.51947021484375,-53.40304946899414
-78.19559363154846,-58.33081295838959,-83.84922025165498,-48.90993740781858,-80.72034454345703,-54.123714447021484
-79.3996315276715,-59.03985440041983,-85.05965904320462,-49.62276467869421,-81.92076873779297,-54.84521484375
-80.60390752978215,-59.748999096113074,-86.27025779425338,-50.33564179308743,-83.12088012695312,-55.56761932373047
-81.80814884453443,-60.458096537751715,-87.48048913732805,-51.048337494879675,-84.3203353881836,-56.29066848754883
-83.01259800351981,-61.16733660036759,-88.69031011114377,-51.76078833801756,-85.51930236816406,-57.01435470581055
-84.21765843165973,-61.87689568119531,-89.89967041783298,-52.47290234600601,-86.7180404663086,-57.7386474609375
-85.42329901919896,-62.58695126177736,-91.10830159192581,-53.184645165493976,-87.91659545898438,-58.463340759277344
-86.63006656115392,-63.29743736018835,-92.3157215705178,-53.895500150184134,-89.11510467529297,-59.18811798095703
-87.83780494859998,-64.00866420596053,-93.52151540440634,-54.60555412211627,-90.31367492675781,-59.912593841552734
-89.04668433178644,-64.72070009435764,-94.72559087587119,-55.31444900609591,-91.51253509521484,-60.636390686035156
-90.25726359495563,-65.43352393671273,-95.92761537275696,-56.02224358768913,-92.71210479736328,-61.35913848876953
-91.46974211994906,-66.14751862413631,-97.1277973308244,-56.728826555430594,-93.91291046142578,-62.08049392700195
-92.6833465474939,-66.86220034409634,-98.32591792801784,-57.43418291301812,-95.11468505859375,-62.79974365234375
-93.89785623588494,-67.57749836391854,-99.52273300521053,-58.13874966594012,-96.31781005859375,-63.516727447509766
-95.11273149756195,-68.29282377434612,-100.71906329733325,-58.842982168804,-97.52230834960938,-64.2313232421875
-96.32742938648634,-69.00808222805323,-101.91537387581958,-59.54763797896848,-98.72817993164062,-64.94358825683594
-97.55465944416738,-69.73072638428074,-103.1261247379013,-60.26008206719007,-99.94853210449219,-65.66150665283203
-98.79618031901246,-70.46177053885955,-104.35423299816011,-60.98351550626643,-101.18565368652344,-66.38695526123047
-99.90024645993799,-71.1119476821419,-105.44877471239286,-61.62788965520563,-102.28743743896484,-67.03153991699219
